,순위,책이름,저자,줄거리
0,1,라이온의 간식,오가와 이토,"서점대상 2위! 출간 직후 일본 독자들을 전율케 한 감동소설당신에게도 있나요? 돌아가고 싶은 인생의 한순간2020년 서점대상 2위, 2021년 NHK 드라마 제작, 누적 22만 부 발행 등의 기록을 세운 일본 출판계의 화제작 《라이온의 간식》이 출간되었다. 《츠바키 문구점》, 《달팽이 식당》 등 어떤 상황에서도 삶을 긍정하며 한 발 앞으로 나아가게 만드는 이야기로 독자들의 마음을 위로해 온 오가와 이토 특유의 미려한 문체와 감각적인 자연 묘사, 따뜻하고 감동적인 내용으로 많은 독자와 평단의 호평을 받은 작품이다. 바쁜 일상에 치여 나 자신을 잃어버린 것만 같은 날, 그렇기에 더 힘껏 내 마음을 안아줘야 하는 날, 밑줄 그으며 읽고 싶은 문장들이 가득하다. 《라이온의 간식》은 서른셋 나이에 말기 암 판정을 받.."
1,2,모든 빗방울의 이름을 알았다,"호르헤 루이스 보르헤스, 레이먼드 카버",‘문학 실험실’ 파리 리뷰가 주목하고장르의 대가들이 고르고 또 골랐다“나는 모든 빗방울의 이름을 알았다.일어나기도 전에 모든 일을 감지했다.차에 탄 가족의 다정한 목소리만 듣고도우리가 폭풍우 속에서 사고를 당할 것을 알았다.”- 〈히치하이킹 도중 자동차 사고〉 중에서단 몇 페이지의 단편소설이 주는 여운은 때로 장편소설보다 진하다. ‘작가들의 꿈의 무대’로 통하는 미국의 문학 계간지 〈파리 리뷰〉는 가장 뛰어난 문학적 성취를 이룬 단편소설을 결산하기 위해 세계적인 명성의 작가들에게 특별한 질문을 했다. 〈파리 리뷰〉가 지난 반세기 동안 발표한 단편소설 중에서 가장 좋아하는 작품 하나를 고르고 왜 그 소설을 탁월하다고 생각하는지 설명해달라고 부탁했다. 《모든 빗방울의 이름을 알았다》는 그중 열다섯 명의 작가들이..
2,3,크리스마스 피그,J.K. 롤링,"장난감을 사랑하는 어린이는 물론, 장난감을 사랑했던 아련한 추억이 있는성인에게 최고의 크리스마스 선물이 되어줄 책!누군가를 순수하게 사랑해 본 경험이 있는 우리 모두를 위한가슴 따뜻한 모험이 펼쳐진다2019년부터 시작한 코로나 바이러스는 전 세계에 크나큰 영향을 끼쳤다. 평범한 일상은 꿈같은 일이 되었고, 경제적 타격으로 수많은 사람들이 슬픔에 빠졌다. J.K. 롤링은 이렇듯 시련을 겪고 있는 사람들의 마음에 조금이나마 위로를 줄 수 있는 방법을 고심했다. 코로나 바이러스가 전 세계에 본격적으로 유행하기 시작한 2020년, J.K. 롤링은 어린이들과 보호자들을 위해 《이카보그》를 인터넷에 무료로 연재한 뒤 어린이들의 그림을 담아 단행본으로 출간했다. 그리고 2021년 올해, 코로나 바이러스를 겪고 있는 어린.."
3,4,파리 마카롱 수수께끼,요네자와 호노부,"“내게는 어느 무엇보다마카롱이 흥미진진해!”‘소시민’ 시리즈, 스핀오프 4년 만에 출간!오사나이에게 이끌려 새로 연 디저트 가게로 향한 고바토. 오사나이가 노리는 가을철 한정 신작 마카롱은 세트 메뉴로 세 개가 한 세트. 그런데 오사나이의 접시에는 마카롱이 네 개. 영문을 알 수 없는 네 번째 마카롱의 정체는? 일상의 평온을 위해 소시민을 지향하는 오사나이와 고바토는 과연 소시민의 삶을 사수할 수 있을까?학교를 배경으로 일상의 사건들을 다룬 ‘고전부’ 시리즈와 함께 요네자와 호노부의 대표 시리즈로 꼽히는 학원 청춘 미스터리 ‘소시민’ 시리즈. 그 스핀오프 작품 『파리 마카롱 수수께끼』가 한국에서 4년 만에 출간되었다. 두 주인공의 1학년 가을~.."
4,5,케이크와 맥주,윌리엄 서머셋 모옴,"달필의 감각으로 개인의 행복과 유희, 쾌락을 탐구한 서머싯 몸 실존 인물, 문단의 내막 적나라하게 묘사해 세간에 파장을 일으킨 풍자 소설 성공과 창작의 곡예에서 균형을 이루며 살아가는 방법은 무엇일까▶ 공포감이 점점 커져 갔다. 그것은 누가 봐도 나의 초상화였다. ─ 휴 월폴▶ 몸이 그려 낸 출세 지향적 문인의 초상은 고문에 가까운 부분이다. 그는 벼락출세한 얼굴 두꺼운 위선적 대중 작가로 그려진다. ─ 버지니아 울프▶ 만약 자네가 이 작품에서 자네 모습을 보았다면, 우리가 대동소이할 뿐 같은 인간이기 때문일세. ─ 서머싯 몸"
5,6,만년,다자이 오사무,"“나는 오직 이 책 한 권을 쓰기 위해 태어났다.”『사양』, 『인간 실격』의 작가 다자이 오사무의 출현을 예고한 첫 창작집흔들리는 존재를 끌어안는 영원한 청춘 문학다자이 오사무의 첫 창작집 『만년』이 민음사 세계문학전집 382번으로 출간되었다. 1997년 소화출판사에서 같은 역자가 문고본으로 출간했던 것을 이십사 년 만에 완역했고 기존 번역도 전면적으로 손보았다. 유숙자 역자는 “거의 산문시에 가까운 문장들이 작품 곳곳에 섞여 있고, 한 편의 시나 다름없는 작품도 있”어 오늘날의 감각에 맞게 문장의 길이, 단어의 품사, 어투까지 세심하게 다듬으며 작가 특유의 리듬감을 살리기 위해 노력했다고 밝혔다. 『만년』에는 죽음을 각오한 이십 대 초반의 작가가 유작을 염두에 두고 집필한 열다섯 편의 단편이 실렸다. 외로.."
6,7,"오늘 밤, 세계에서 이 사랑이 사라진다 해도",이치조 미사키,"※ 인터넷 한정 특별판: 매장 구매, 바로드림 구매 시에는 기존 일반판 표지와 랜덤으로 제공됩니다.제26회 전격소설대상 ‘미디어워크스문고상’ 수상작총 4,607편의 응모 작품 중 최고로 손꼽힌 걸작,모든 심사위원이 눈물을 쏟은 압도적 작품!“머리가 아플 정도로 펑펑 울고 말았다.반드시, 반드시 읽어야 할 작품이다.” _아마존 독자평밤에 자고 일어나면 기억이 리셋되는 ‘선행성 기억상실증’을 앓는 소녀 히노 마오리와 무미건조한 인생을 살고 있는 평범한 고등학생 가미야 도루의 풋풋하고 애틋한 사랑 이야기.선행성 기억상실증이라는 익숙한 소재를 매우 수준 높은 청춘 소설로 탄생시켰다는 극찬을 받으며 제26회 전격소설대상 ‘미디어워크스문고상’을 수상한 이 작품은 간질간질한 청춘의 로맨스를 전혀 예측할 수 없는 국면으로.."
7,8,문명 1,베르나르 베르베르,"인류 문명의 끝에서 새로운 이야기가 시작된다!프랑스 25만 부 판매 베스트셀러베르나르 베르베르 신작 장편소설전염병과 테러, 전쟁으로 한계에 다다른 인류 문명그 자리를 대신할 새로운 문명은 어디에 -베스트셀러 작가 베르나르 베르베르의 신작 장편소설 『문명』(전2권)이 프랑스문학 전문 번역가 전미연의 번역으로 열린책들에서 출간되었다. 소설의 배경은 전염병으로 수십억 명이 사망하고, 테러와 전쟁으로 황폐해진 세계. 이 소설이 프랑스에서 처음 출간된 2019년에만 해도 흔히 사용되는 디스토피아적 배경에 불과했겠지만 코로나 시대를 살아가는 지금 우리에게는 더욱더 생생하게 느껴지는 설정이다.『문명』은 인류 문명이 벼랑 끝에 다다른 세상을 무대로 『고양이』의 주인공이었던 고양이 바스테트가 모험을 펼치는 소설이다. 고양이.."
8,9,문명 2,베르나르 베르베르,"인류 문명의 끝에서 새로운 이야기가 시작된다!프랑스 25만 부 판매 베스트셀러베르나르 베르베르 신작 장편소설전염병과 테러, 전쟁으로 한계에 다다른 인류 문명그 자리를 대신할 새로운 문명은 어디에 -베스트셀러 작가 베르나르 베르베르의 신작 장편소설 『문명』(전2권)이 프랑스문학 전문 번역가 전미연의 번역으로 열린책들에서 출간되었다. 소설의 배경은 전염병으로 수십억 명이 사망하고, 테러와 전쟁으로 황폐해진 세계. 이 소설이 프랑스에서 처음 출간된 2019년에만 해도 흔히 사용되는 디스토피아적 배경에 불과했겠지만 코로나 시대를 살아가는 지금 우리에게는 더욱더 생생하게 느껴지는 설정이다.『문명』은 인류 문명이 벼랑 끝에 다다른 세상을 무대로 『고양이』의 주인공이었던 고양이 바스테트가 모험을 펼치는 소설이다. 고양이.."
9,10,프로젝트 헤일메리,앤디 위어,"“이름도 기억 못하는 내가 인류의 희망이라니?”멸망 위기의 지구 구하기 프로젝트!‘헤일메리HAIL MARY’는 미식축구 용어로, 경기 막판에 역전을 노리고 하는 패스에서 유래한 말이다. 작품 속 우주선의 이름인 ‘헤일메리호’도 지구를 종말로부터 구하기 위한 마지막 역전을 바라는 마음에 지어졌다. 주인공이 긴 수면 끝에 눈을 뜬 곳은 우주 한복판이었다. 하지만 그는 자신의 이름조차 기억하지 못한다. 설상가상으로 함께 우주선 헤일메리호에 탄 동료들은 모두 죽고 혼자가 된 상황이다. 헤일메리호를 샅샅이 뒤진 끝에, 그는 한 가지 사실을 깨닫는다. 그는 인류를 구할 마지막 희망이자, 우주 한복판에서 죽을 예정인 과학자였다는 것을. 소설 속 지구는 태양의 온도를 떨어트리는 미지의 생명체 ‘아스트로파지’ 로 인해 멸망.."
10,11,미드나잇 라이브러리,매트 헤이그,"밤 12시, 죽기 바로 전에만 열리는 마법의 도서관에서인생의 두 번째 기회를 드립니다★★★★★국내 주요 서점 종합 베스트셀러 1위, 2021년 올해의 책 선정★★★★★《뉴욕타임스》 베스트셀러 1위, 영국 아마존 종합 베스트셀러 1위매트 헤이그의 소설 《미드나잇 라이브러리》는 2021년 4월 출간 이후 10개월 만에 30만 독자의 마음을 사로잡으며 눈물과 웃음, 가슴 뭉클한 감동을 선사하고 있다. 죽기로 결심한 주인공 ‘노라 시드’가 삶과 죽음 사이에 존재하는 미스터리한 도서관 ‘미드나잇 라이브러리’에서 눈을 뜨며 인생의 두 번째 기회를 얻는 이 소설은, 노라의 가장 완벽한 삶을 찾는 모험을 따라가며 ‘살아 있음’과 ‘살아가는 것’에 대한 깊은 통찰을 보여준다.“책을 덮는 순간 내일이 기대된다!” “내 인생의.."
11,12,클라라와 태양,가즈오 이시구로,"노벨문학상 수상 이후 처음으로 발표하는 거장 가즈오 이시구로의 장편소설전 세계가 손꼽아 기다려 온 기적처럼 놀랍고 아름다운 신작!2017년 노벨 문학상을 수상하며 명실상부 현대 영문학을 대표하는 최고의 작가로 꼽힌 작가 가즈오 이시구로가 노벨상 수상 이후 최초로 장편소설을 발표했다. 2021년 3월 3일 영국에서 가장 먼저 출간된 이 책은 현재 30개국에 판권이 팔려 미국 캐나다 호주 일본 등에서 연달아 출간되고 있으며, 한국에서는 민음사를 통해 출간되었다.전 세계 독자가 손꼽아 기다려 온 이번 작품 『클라라와 태양』은 인공지능 로봇과 한 소녀의 이야기를 담았으며, 출간 즉시 언론의 격찬과 독자들의 열광 속에 영국 베스트셀러 1위, 미국 《뉴욕 타임스》베스트셀러 3위, 호주 1위, 캐나다 2위에 올랐다. 또.."
12,13,이상한 나라의 앨리스,루이스 캐럴,"아동 문학의 영원한 고전 《이상한 나라의 앨리스》70년 만에 전세계 최초로 이뤄지는 소설과 애니메이션의 ‘진짜’ 콜라보레이션!황금빛 햇살이 눈부신 오후, 언니와 함께 하릴없이 강둑에 앉아 있던 앨리스는 눈이 빨간 흰 토끼가 혼잣말하는 소리를 듣는다. 믿을 수 없는 광경에 사로잡힌 앨리스는 흰 토끼를 따라 토끼 굴 속으로 떨어지는데…. 시계를 든 토끼를 따라 환상의 세계로 빠져드는 앨리스의 모험을 담은 루이스 캐럴의 대표작, 《이상한 나라의 앨리스》는 처음 책이 출간된 1865년 이후, 1951년 디즈니 스튜디오에서 애니메이션을 제작하며 더욱 유명해졌다고 해도 과언이 아니다. 특히 현재 우리가 익히 알고 있는 풍성한 금발에 파란 원피스의 귀여운 소녀 모습은 애니메이션의 영향을 받은 것으로 그 일러스트들은 70.."
13,14,그녀는 다 계획이 있다,히가시노 게이고,"하나야 보석점 살인사건을 둘러싼 과거와 미래의 사건경쾌하고 리듬감 있는 터치의 히가시노 게이고 복고 미스터리교코는 부자가 되겠다는 원대한 계획을 이루기 위해 파티장으로 출근하는 컴패니언이다. 어느 날, 하나야 보석점 고객 감사파티가 끝난 뒤 직장동료 에리가 호텔 밀실에서 죽은 채 발견되고, 교코는 자신이 점찍은 부동산회사 전무 다카미가 사건에 유달리 관심을 가지고 있음을 알게 된다. 마침 옆집으로 이사 온 담당 형사 시바타 덕택에 수사 과정을 파악하기도 손쉬우니, 이야말로 절호의 기회! 시바타는 다카미의 태도가 수상하다고 의심하지만, 교코는 다카미와 좀 더 접점을 만들고 싶은 마음에 사건 추리에 적극적으로 뛰어든다. 티격태격하며 에리의 행적을 조사하던 두 사람은 예상치 못한 그녀의 과거와 마주치게 되고, 곧.."
14,15,사람은 무엇으로 사는가,레프 톨스토이,"자살 직전까지 갔던 톨스토이의 삶을 통째로 바꾼 삶의 진리… 그 깨달음을 오롯이 녹여낸 명품 단편 모음!위대한 소설가로 세계적인 명성을 누렸던 시절에도 채울 수 없었던 톨스토이의 마음을 만족하게 한 것은 무엇이었을까? 그 깨달음으로 살아갈 이유를 찾은 후 작품의 색깔까지 완전히 바꾸어 집필한 10편의 명 단편이 현대지성 클래식 제34권, 『사람은 무엇으로 사는가』로 독자들과 만난다. 인생의 최고 정점이던 51세 무렵, 1879년을 기점으로 톨스토이의 인생은 완전히 달라진다. 사실 그때는 『전쟁과 평화』(1863-1869), 『안나 카레니나』(1873-1877)를 발표한 직후라 문학적인 명성과 창조적인 영감은 최고 수준이었다. 하지만 그는 피할 수 없는 죽음 앞에 선 인생의 허무함을 인식하며 상류층의 삶이 철.."
15,16,니클의 소년들,콜슨 화이트헤드,"콜슨 화이트헤드가 복원해낸 차별로 얼룩진 미국의 과거와 현재 그리고 미래!2020 퓰리처상을 수상한 콜슨 화이트헤드의 장편소설 『니클의 소년들』. 엘우드를 중심으로 과거와 현재를 오가며 니클 감화원에서 벌어졌던 일들을 서술한다. 인종차별정책이 시행되었던 1960년대와 지금의 2010년대가 교차하는 시점 전환은 과거와 현재를 선명히 대비시키며 그동안 밝혀지지 않은, 혹은 외면해왔던 진실을 드러낸다. 버스 보이콧 운동, 마틴 루서 킹 목사의 연설 등 흑인 인권 운동의 중요한 기점과 감화원에서의 은밀한 폭력의 증거를 담은 소설은 한 편의 연대기이자 가치 있는 역사 고증물로도 읽힌다.미국 플로리다주 탤러해시의 니클 캠퍼스에서 의문의 비밀 묘지가 발견된다. 두개골에 금이 가고 갈비뼈에 산탄이 박힌 수상쩍은 유해들이 .."
16,17,일인칭 단수,무라카미 하루키,"『노르웨이의 숲』 『1Q84』 『기사단장 죽이기』 등의 작품으로 세대와 국경을 넘어 독보적인 존재감을 발휘하고 있는 세계적인 작가 무라카미 하루키가 『여자 없는 남자들』 이후 6년 만에 선보이는 소설집. 작가 특유의 미스터리한 세계관과 감성적인 필치, 일인칭 주인공 ‘나’의 시점으로 진행되는 작품이라는 공통점을 지닌 단편들을 모았다. 누군가의 삶을 스쳐가는 짧고 긴 만남을 그려낸 여덟 작품 속에서 유일무이의 하루키 월드를 구성하는 다채로운 요소들을 한데 만나볼 수 있다. "
17,18,인생은 소설이다,기욤 뮈소,"캐리는 어디로 사라졌을까? 그 의문을 풀어줄 비밀의 방문이 열린다!현실과 픽션을 넘나드는 기욤 뮈소의 장편소설 『인생은 소설이다』. 플로라 콘웨이는 현재 세 권의 소설을 발표한 작가지만 데뷔작을 필두로 나머지 두 작품 역시 공전의 히트를 기록하는 한편 최고 권위의 프란츠 카프카 상을 수상해 국제적인 명성을 획득한다. 플로라 콘웨이의 얼굴을 직접 본 사람은 없다. 데뷔 이래 줄곧 언론 노출을 꺼려왔고, 대학교나 서점 등에서 자주 강연 요청을 받았지만 단 한 번도 받아들인 적이 없다. 책표지에 사용하고 있는 젊은 시절 사진 한 장만이 유일하게 플로라의 존재를 증명해줄 뿐이다. 20여 개국에 소설 판권이 팔려나갔을 만큼 플로라의 인기는 상승세를 지속하고 있다. 플로라의 소설을 전담 출판해온 팡틴 드 빌라트가 주도.."
18,19,1984,조지 오웰,"조지 오웰 타계 70주년, 추모 특별판마침내 원형을 회복한 완전한 『1984』를 만나다!〈타임〉 선정 현대 100대 영문소설, 〈뉴스위크〉 선정 100대 명저, BBC 선정 반드시 읽어야 할 책, 하버드대 학생들이 가장 많이 구입한 책, 서울대 신입생들이 가장 많이 읽는 책… 모두 『1984』를 수식하는 말들이다. 조지 오웰의 마지막 작품인 『1984』는 전세계 65개 언어로 번역되어 수천만 부가 팔렸고, 국내에도 여러 판본이 출간되어 있다. 그럼에도 실제 이 작품을 처음부터 끝까지 제대로 읽은 독자들은 얼마나 될까?우리가 지금까지 알고 있었던 『1984』는 어떤 모습일까?『동물농장』과 더불어 조지 오웰의 대표작, 전체주의를 비판하는 디스토피아 소설, 미래를 예견한 소설, 어둡고 암울한 결말의 다소 어렵고 .."
19,20,심판,베르나르 베르베르,"죽고 난 다음에 시작되는 특별한 심판『심판』은 저자 베르나르 베르베르가 《인간》 이후 다시 한번 시도한 희곡이며, 천국에 있는 법정을 배경으로 판사 · 검사 · 변호사 · 피고인이 펼치는 설전을 유쾌하게 그려 냈다. 베르베르 특유의 상상력과 유머가 빛나는 이 작품은 희곡이면서도 마치 소설처럼 읽힌다. 총 3막으로 구성되어 있는 이 작품은 제1막에서는 수술 중 사망한 주인공이 자신이 죽었다는 사실을 깨닫지 못한 채 천국에 도착하여 변호사 · 검사 · 판사를 차례로 만난다. 제2막은 주인공의 지난 생을 돌이켜보는 절차가 진행되며, 제3막은 다음 생을 결정하는 절차가 진행된다.주인공은 방금 전 사망한 아나톨 피숑. 살아 있을 때 판사로 일했던 그는 아이러니하게도 죽자마자 피고인의 처지가 된다. 골초였던 그는 폐암.."
20,21,여름,이디스 워튼,"최초의 여성 퓰리처상 수상 작가, 이디스 워튼이 쓴 성장 소설미국 문단에서 여성의 성적 열정을 다룬 최초의 본격 문학▶ 워튼은 20세기를 통틀어 가장 뛰어난 작가 중 하나다. ─ 《옵저버》 ▶ 여성의 성적 열정을 솔직하게 다룬 최초의 작품. ─ 신시아 그리핀 울프(평론가)/“사랑이 핏속에서 즐겁게 춤을 추는데 어디에서 태어났건, 누구의 자식이건 무슨 상관이란 말인가?”─『여름』에서 /여성 최초의 퓰리처상 수상 작가 이디스 워튼의 『여름』이 민음사 세계문학전집 368번으로 출간되었다. 1차 세계 대전이 막바지에 이르렀을 무렵, 피난민을 돌보며 전쟁의 상처를 수습하던 작가가 단 몇 주 동안의 휴식기에 써 내려간 이 작품은 비극적인 전쟁의 한가운데에서도 “창작의 희열이 정점에 이르러” 집필했다고 알려져 있다. 이.."
21,22,스토너 초판본,존 윌리엄스,"★★★영화평론가 이동진, 문학평론가 신형철, 소설가 김연수ㆍ최은영 추천!★★★입소문이 만들어낸 역주행 베스트셀러의 살아 있는 신화!★★★〈오만과 편견〉, 〈어톤먼트〉 조 라이트 감독 영화화 확정!“이 소설에 대해선 할 말이 너무 많아서 나는 제대로 시작할 수조차 없다.” _신형철(문학평론가)전 세계 수많은 문학 애호가들의 인생 소설로 손꼽히는 명작 《스토너》가 1965년 미국에서 처음 발행됐을 때의 표지로 출간된다. 50여 년 전, 이 책의 초판은 출간 1년 만에 절판되었지만 2010년대 영국, 네덜란드, 프랑스를 비롯해 유럽 전역에서 재출간되며 역주행 베스트셀러 신화를 쓴다. 이 책을 두고 평론가 모리스 딕스타인은 “당신이 여태껏 들어본 적 없는 최고의 소설”이라 극찬했으며, 영국의 유명 작가 닉 혼비, .."
22,23,깊이에의 강요,파트리크 쥐스킨트,"새로운 디자인과 편집으로 만나는2020 파트리크 쥐스킨트 리뉴얼 시리즈 오래도록 깊은 여운을 남기는 쥐스킨트의 단편 소설집파트리크 쥐스킨트의 단편 소설인「깊이에의 강요」,「승부」,「장인(匠人) 뮈사르의 유언」과 에세이「문학의 건망증」등 총 네 편의 작품을 한데 묶었다. 짧은 이야기 뒤로 남겨진 긴 여백 속에서 작가의 세상을 보는 시각을 읽을 수 있는 작품집이다. 첫 번째로 수록된「깊이에의 강요」는 한 젊은 여성 화가를 소재로 쥐스킨트가 즐겨 다루는 예술가의 문제를 예리하게 그려 낸다. 〈작품에 깊이가 없다〉는 어느 평론가의 무심한 말을 듣고 고뇌하다가 마침내 죽음을 선택하는 예술가 그리고 그녀의 죽음 후 관점을 바꾸어 그녀의 그림에는 삶을 파헤치고자 하는 열정과 〈깊이에의 강요〉를 느낄 수 있다고 말하는 〈.."
23,24,이문열 삼국지 세트,나관중,"이문열 평역 삼국지 30년 만의 개정 신판 출간!독보적인 문장으로 읽는 우리 시대의 삼국지 누적판매 2,000만 부우리 시대를 대표하는 『이문열 삼국지』가 현대적인 감각으로 다시 돌아왔다!"
24,25,녹나무의 파수꾼,히가시노 게이고,"사상 최초 한국·중국·일본·대만 전 세계 동시 출간!《나미야 잡화점의 기적》을 잇는 또 하나의 감동 대작《나미야 잡화점의 기적》을 잇는 감동 소설을 들고 온 히가시노 게이고. 『녹나무의 파수꾼』은 소원을 들어주는 나무라는 다소 황당무계해 보이는 설정이지만 저자는 대가다운 솜씨를 발휘해서 그 나무의 능력을, 그리고 그 나무에 마음을 전하고 싶은 사람들의 사연을 설득력 있게 풀어낸다. 정말로 우리 주변에 있을 법한 사람들의 모습과 그들의 이야기를 읽고 있다 보면 어느새 마음속 어딘가에서 감동이 툭, 하고 번져오게 될 것이다.천애고아, 무직, 절도죄로 유치장 수감 중. 그야말로 막장인생 그 자체인 청년 레이토. 그런 그에게 일생일대의 기묘한 제안이 찾아온다. 변호사를 써서 감옥에 가지 않도록 해줄 테니 그 대신 .."
25,26,오로르,더글라스 케네디,"주인공 오로르는 자신이 남과 다르다는 사실을 안다. 모두가 그렇게 말하고, 언제나 공정해야 한다고 가르치는 멋진 조지안느 선생님조차 오로르가 남들처럼 행동할 수 있게 만들기 위해 수년째 노력 중이니까. 하지만 오로르는 자신의 다름을 약점이라 생각하지 않는다. 오로르의 목표는 ‘모두가 행복한 세상’이지, 다른 사람들처럼 사는 것이 아니다.신비한 힘을 가진 11살 오로르. 사람들은 오로르를 자폐아라고 부르고, 장애인이라고 말한다. 하지만 아빠는 공주, 엄마는 햇살이라고 부른다. 오로르는 누가 뭐라고 부르든 상관하지 않는다. 오로르는 언제나 행복하고, 다른 사람들도 자신처럼 행복해지기를 바랄 뿐이다. 오로르는 소리 내어 말하는 대신 태블릿에 글을 써서 말한다. 아빠보다도 빠르게 타자를 칠 수 있고, 그걸로 충분하.."
26,27,작은 아씨들,루이자 메이 알코트,"150년 동안 사랑받은 고전, 『작은 아씨들』을 지금 다시 읽어야 하는 이유!“내가 남자가 아니라는 게 참을 수 없어.”라고 거침없이 외치는 소녀에서, “남자 때문에 서둘러 자유를 포기하고 싶지 않아.”라며 비혼을 선언을 하고 글쓰기에 몰두하는 한 여성이 되기까지. ‘조’는 처음 등장할 때부터 마지막까지 자신의 꿈을 좇아 똑바로 갈 줄 아는 인물이다. 그리고 본인의 사랑이 다가왔을 때에는 “내가 원하던 사람”이라고 분명하게 말할 줄 알았다. 그렇기에 1868년 『작은 아씨들』이 발표된 이후부터 지금까지 작가들이 사랑하는 캐릭터로 손꼽히는 것일지도 모른다. ‘조’가 누구보다 생명력 넘치는 캐릭터로 탄생할 수 있었던 이유는 이 소설이 자전적이었기 때문이다. .."
27,28,당신 인생의 이야기,테드 창,"“이 한 권의 소설로, 테드 창은 단숨에 전설이 되었다!”〈가디언〉 선정 21세기 최고의 책 100, 전 세계 21개 언어로 번역 출간!최고의 SF에 수여되는 모든 상을 석권한 놀라운 소설!단 한 권의 소설집으로 “전 시대를 통틀어 가장 위대한 과학소설 작가 중의 한 명”이라는 명성을 얻은 테드 창의 『당신 인생의 이야기』 리커버 양장본! 『당신 인생의 이야기』는 ‘독보적 상상력의 대가’로 자리매김한 지금의 테드 창을 전 세계에 알린 그의 첫 번째 작품집으로, 과학적 상상력에 기초한 전혀 다른 차원의 소재와 시종일관 탄성을 자아내게 하는 놀라운 서사를 통해 최고의 과학소설에 수여되는 모든 상을 석권했다. 테드 창은 인간 사회에 큰 영향을 미쳐왔고 앞으로도 그럴 가능성이 농후한 과학철학적 담론들을 가능한 한 .."
28,29,콜 미 바이 유어 네임,안드레 애치먼,"내 눈의 빛, 세상의 빛, 내 인생의 빛 같은 사람!90회 아카데미 각색상 수상작 《콜 미 바이 유어 네임(CALL ME BY YOUR NAME)》의 원작 소설 『콜 미 바이 유어 네임』. 파이팅 어워드 수상자 안드레 애치먼이 감각적인 언어로 피아노 연주와 책이 삶의 전부인 열일곱 소년 엘리오와 스물넷의 미국인 철학교수 올리버, 두 남자의 사랑을 섬세하게 그려낸 작품이다.리마스터판으로 재출간된 책으로, 첫 문장부터 마지막 한 문장까지 전체 원문 대조를 통해 원작의 감성을 더욱 충실히 옮겼으며, 새로운 표지와 본문 디자인으로 첫사랑의 묘한 감정을 아름답게 표현하고 가독성을 높였다. 책을 읽는 동안 엘리오와 올리버 두 연인의 뜨겁고 순수한 숨소리가 가슴을 뜨겁게 울릴 것이다.소설은 훗날 성장한 엘리오가 그해 여.."
29,30,걸리버 여행기,조너선 스위프트,"『동물농장』 조지 오웰이 극찬한 최고의 풍자문학 완역본환상적인 모험에 숨겨진 인간과 사회에 대한 신랄한 풍자풍자문학의 대가 조너선 스위프트의 『걸리버 여행기』는 걸리버의 환상적인 모험담을 통해 당대의 정치사회와 인간 문명을 통렬하게 비판한다. 스위프트는 “이 작품의 의도는 세상 사람들을 즐겁게 해주려는 것이 아니라 화나게 만들려는 것”이라고 말했다. 그 말대로 『걸리버 여행기』는 1726년 출판되었을 때부터 엄청난 인기와 논란을 동시에 불러일으켰으며, 신랄한 묘사로 인해 내용이 삭제되거나 금서로 지정되기까지 했다.  19세기 초 『걸리버 여행기』는 원작의 거친 표현과 풍자 등을 삭제하고 아동문학으로 발행되었는데, 이런 판본들이 지금까지도 수많은 독자들에게 읽히고 있다. 그러나 아동용 『걸리버 여행기』를 접한.."
30,31,모비딕,허먼 멜빌,"포경선을 탄 경험이 있는 특이한 이력의 작가 허먼 멜빌이 격조 높은 서사시적 산문체로 써내려간 『모비 딕』(흰 고래 모비 딕Moby-Dick: or, The Whale)이 국내 최고의 번역으로 완역 출간되었다. 2010년 작가정신 아셰트 클래식 시리즈의 한 권으로 일러스트판이 출간된 이후, 많은 독자들의 요청에 따라 새롭게 보급판을 선보인다. 고래학學과 포경업에 대한 멜빌의 치밀한 기록을 그대로 수록한 이 책은 그동안 국내에 소개된 축약판으로는 느낄 수 없었던 『모비 딕』의 심오한 세계를 제대로 이해하고 음미하게 해주는 길잡이가 되어줄 것이다.서두에서부터 ‘고래’에 대한 ‘어원’ 탐구와 문헌 ‘발췌록’이 등장하고, 작가의 체험과 도서관에서 조사하고 연구한 고래와 포경에 대한 갖가지 지식이 총망라된 이 독특한.."
31,32,빛과 물질에 관한 이론,앤드루 포터,"데뷔작만으로 미국 현대 문학의 기수로 떠오른 앤드루 포터의 첫 소설집팟캐스트 [김영하의 책 읽는 시간]에 소개된 후 수많은 작가들의 교본이 된 바로 그 책 데뷔작 하나만으로 일약 미국 단편 문학의 신성新星으로 떠오른 앤드루 포터. 그의 데뷔작 『빛과 물질에 관한 이론』이 문학동네에서 출간되었다. 『빛과 물질에 관한 이론』은 섬세한 문체로 깊은 울림을 이끌어내는 열 편의 단편소설이 실린 소설집으로, 단편 부문 플래너리 오코너상을 수상했다. 또한 스티븐 터너상, 패터슨상, 프랭크 오코너상, 윌리엄 사로얀상 최종 후보에 오르고 출간된 해 포워드 매거진, 캔자스시티 스타, 샌안토니오 익스프레스 등에서 ‘올해의 책’으로 선정되기도 했다. 언론의 반응도 뜨거웠는데, 인디펜던스는 “현재 .."
32,33,빨강 머리 앤,루시 모드 몽고메리,"“마릴라 아주머니, 내일은 아직 아무 실수도 저지르지 않은 새로운 날이에요!”“내 보증하마. 앤, 넌 내일도 실수를 수두룩이 저지를 거야.”사랑스러운 사고뭉치 ‘앤 셜리’의 명랑하고 엉뚱한 성장소설TV 애니메이션 원화와 함께 읽는 「더모던 감성클래식」 두 번째 이야기, 『빨강 머리 앤』“앨리스 이래 가장 사랑스러운 아이”라는 마크 트웨인의 말마따나, 역대 최강의 러블리 캐릭터 ‘앤 셜리’ 이야기의 첫 권인 『빨강 머리 앤』(원제: 초록 지붕 집의 앤 Anne of Green Gables)이다. “주근깨 빼빼 마른~ 빨강 머리~”라는 주제곡이 절로 흥얼거려질 만큼 유명한 동명의 TV 애니메이션 원화를 ‘만화책’처럼 구성해 넣은 삽화 덕분에, 긴 분량의 완역.."
33,34,레베카,대프니 듀 모리에,앨프리드 히치콕의 영화 [레베카]와 미하엘 쿤체 뮤지컬 [레베카]를 탄생시킨 불멸의 원작『레베카』 초판 출간 80주년 기념판20세기의 가장 영향력 있는 소설 가운데 하나. 영국 문화라는 직물 위에 아름다운 환상과 불안으로 가득한 꿈을 교차시켜 독특한 무늬를 수놓았다. 놀라우리만큼 매혹적인 작품이다. _세라 워터스『자메이카 여인숙』 『나의 사촌 레이첼』 등 로맨스와 서스펜스의 경계를 넘나드는 걸작들로 수십 년간 전 세계 미스터리 독자를 사로잡아온 ‘20세기 영국 최고의 이야기꾼’ 대프니 듀 모리에. 그녀의 다섯 번째 소설이자 명실상부한 대표작인 『레베카』가 출간 80주년을 맞았다. 1938년 8월 첫선을 보인 『레..
34,35,모스크바의 신사,에이모 토울스,"세련되고 우아한 태도, 인간적 매력으로 무장한 채 메트로폴 호텔을 찾는 사람들의 마음을 사로잡는 백작!버락 오바마 전 미국 대통령이 2017년 추천도서로 소개해 화제가 된 에이모 토울스의 소설 『모스크바의 신사』. 40대의 다소 늦은 나이에 첫 장편소설 《우아한 연인》을 발표하며 고전 문학을 연상시키는 작풍, 현대적이고 세련된 분위기, 매력 있는 등장인물을 잘 접목시킨 작품으로 상업적 성공과 문학적 성취를 모두 이뤄내며 괴물 신인으로 주목받은 저자가 4년 만에 발표한 두 번째 소설이다.두 번의 혁명 이후 1920년대 러시아, 서른세 살의 알렉산드로 로스토프 백작은 모스크바의 메트로폴 호텔을 벗어날 경우 총살형에 처한다는 종신 연금형을 선고받는다. 프롤레타리아의 시대에서 제거되어야 마땅한 신분이지만 혁명에 동.."
35,36,갈매기의 꿈,리처드 바크,"“가장 높이 나는 새가 가장 멀리 본다.”새로운 결말, 새로운 번역!45년 만에 완결된 최종판!1970년에 발표된 이래 전 세계 40여 개의 언어로 번역되어 4,000만 부 이상이 팔린 리처드 바크의 우화소설, 세대를 넘어 수많은 독자들에게 가슴 뭉클한 감동을 안겨준 최고의 베스트셀러 『갈매기의 꿈(Jonathan Livingston Seagull)』이 개정증보판으로 새롭게 번역 출간되었다.2003년 시인 류시화의 번역으로 국내에 처음 정식 출간되어 많은 사랑을 받아온 우화소설의 고전이 45년 만에 작가의 미공개 원고를 추가해 베테랑 전문번역가 공경희 씨의 언어로 옷을 갈아입고 완전히 새롭게 태어난 것이다."
36,37,인간 실격,다자이 오사무,“겁쟁이는 행복조차도 두려워하는 것입니다.”문학을 뛰어넘은 다자이 오사무의 자기 고백전후 일본 문학사에 1천만 부 판매라는 놀라운 기록을 남긴 《인간 실격》이 2018년 다자이 오사무 사후 70주년 기념 특별판으로 새롭게 출간되었다. 1948년 다자이 오사무가 강물에 몸을 던져 죽은 같은 해에 출간된 이래로 다양한 판본으로 독자들에게 소개되어온 《인간 실격》은 주인공 요조가 스스로 화자가 되어 자신의 부끄럼 많은 일생을 풀어놓는 수기 형식의 소설이다. 솜에도 상처를 입고 행복조차 두려워하는 어릿광대 요조를 통해 다자이 오사무는 자신이 보였던 두려움과 증오가 사실은 영혼의 가장 밑바닥에서 인간을 향한 참된 구애이자 신을 찾는 호소임을 고백한다. 《인간 실격》은 다자이 오사무가 처음으로 자신만을 위해 쓴 작품이..
37,38,멋진 신세계,올더스 헉슬리,"디스토피아 소설의 대표적인 작품!시의성이 있는 책, 오래 사랑받은 고전 작품을 선정하여 독자들에게 선보이는 「에디터스 컬렉션」 제2권 『멋진 신세계』. 올더스 헉슬리의 대표작으로 20세기 기계문명의 발달과 과학의 진보가 전체주의 사상과 밀착될 때 어떤 비극이 초래될 수 있는가를 보여주는 작품이다.저자는 오늘날 우리가 당연하게 여기고 있는 기계문명이 극한까지 발달하고 인간 스스로가 발명한 과학의 성과 앞에 노예로 전락하여, 마침내 모든 인간 가치와 존엄성을 상실하는 지경에 도달하는 비극을 예언한다. 그리고 희생이 뒤따르지 않는 진보는 결코 가능하지 않다는 저자의 주장은 그의 역사관과 문명관의 핵심을 이루면서 기계문명의 발달에 도취된 현대인들을 통렬히 공격한다."
38,39,나무를 심은 사람,장 지오노,"폐허의 땅에 끊임없이 나무를 심은 한 노인이 만들어낸 기적!전 세계 25개 언어로 번역된 세계적인 베스트셀러문학적 향기와 메시지가 어우러진, 한 편의 탁월한 우화!문명과 환경의 심각한 위기 속에서 우리가 나아가야 할 방향을 가르쳐주고, 사람과 세상을 변화시키는 감동적이고 가슴 따듯한 소설! 국내 대표적인 삽화가 최수연의 아름다운 컬러 삽화로 다시 펴낸 개정판이다. 이 소설은 ‘희망을 심고 행복을 가꾼’ 한 사람이 메마르고 황폐한 땅에 홀로 수십 년 동안 나무를 심어 황무지를 생명이 살아 숨쉬는 숲으로 바꾸어놓는 이야기로, 작가가 자신의 경험을 바탕으로 첫 원고를 쓴 뒤 20여 년 동안 다듬어 완성한 작품이다. 1953년 처음 발표된 이래 지금까지 25개 언어로 번역되어 세계적으로 널리 읽히고 있다. 이토록 .."
39,40,파친코 1,이민진,"어디에도 속하지 못했던 자이니치들의 분노와 슬픔에서 탄생한 대작!한국계 1.5세인 미국 작가 이민진의 장편소설 『파친코』 제1권. 내국인이면서 끝내 이방인일 수밖에 없었던 자이니치(재일동포)들의 처절한 생애를 깊이 있는 필체로 담아낸 작품이다. 저자가 자이니치, 즉 재일동포의 존재를 처음 접한 것은 대학생이었던 1989년, 일본에서 자이니치들을 만났던 개신교 선교사의 강연을 들은 때였다. 상승 욕구가 강한 재미동포들과 달리 많은 자이니치들이 일본의 사회적, 경제적 사다리 아래쪽에서 신음하고 있다는 사실을 알게 된 저자는 그때부터 자이니치에 관해 관심을 가지게 되었고 이번 작품에서 제강점기부터 1980년대까지를 시대적 배경으로 하여 4대에 걸친 핏줄의 역사를 탄생시켰다.삶은 모두에게나 고통이지만 일제강점기에 .."
40,41,파친코 2,이민진,"어디에도 속하지 못했던 자이니치들의 분노와 슬픔에서 탄생한 대작!한국계 1.5세인 미국 작가 이민진의 장편소설 『파친코』 제2권. 내국인이면서 끝내 이방인일 수밖에 없었던 자이니치(재일동포)들의 처절한 생애를 깊이 있는 필체로 담아낸 작품이다. 저자가 자이니치, 즉 재일동포의 존재를 처음 접한 것은 대학생이었던 1989년, 일본에서 자이니치들을 만났던 개신교 선교사의 강연을 들은 때였다. 상승 욕구가 강한 재미동포들과 달리 많은 자이니치들이 일본의 사회적, 경제적 사다리 아래쪽에서 신음하고 있다는 사실을 알게 된 저자는 그때부터 자이니치에 관해 관심을 가지게 되었고 이번 작품에서 제강점기부터 1980년대까지를 시대적 배경으로 하여 4대에 걸친 핏줄의 역사를 탄생시켰다.삶은 모두에게나 고통이지만 일제강점기에 .."
41,42,원더,R. J. 팔라시오,"헬멧을 벗고 세상 밖으로 나온 소년, 어거스트!어린이, 청소년을 위한 동화 《아름다운 아이》로 출간되어 많은 사랑을 받았던 『원더』를 성인 독자들을 위한 양장 특별판으로 선보인다. 영화 《원더》의 원작소설로, 선천적 안면기형을 갖고 태어나 헬멧 속에 자신을 숨겼던 열 살 소년 어거스트가 처음으로 학교에 들어간 후 겪는 1년간의 사건사고를 통해 세상의 편견에 맞서며 진짜 자신을 마주하는 용기를 전한다.태어났을 때는 하룻밤도 넘기기 힘들다는 말을 들었지만 열 살이 될 때까지 스물일곱 번의 수술을 받으면서 꿋꿋이 살아남은 어거스트. 선천적 안면기형인 얼굴을 제외하고는 가족의 풍부한 사랑을 받으며 자란 평범한 소년이다. 그런 어거스트에게 커다란 변화가 찾아온다. 언제나 부모의 보호 속에서만 자라게 할 수 없다는 엄.."
42,43,또다시 같은 꿈을 꾸었어,스미노 요루,"<너의 췌장을 먹고 싶어>의 작가 스미노 요루가 지친 사람들에게 전하는 다정하고 따스한 이야기. 자타공인 똑똑하고 당돌한 소녀 고야나기 나노카는 학교 안에는 이렇다 할 친구가 없지만 학교 밖에는 친구가 많다. 까칠하고 도도하며 꼬리가 반으로 잘린 고양이 ‘그녀’, 예쁘고 상냥하며 함께 오셀로 게임을 해주는 언니 아바즈레 씨. 그리고 항상 맛난 과자를 구워주고 함께 소설 이야기를 하는 할머니. 그리고 버려진 집 옥상에서 마주친 고등학생 미나미 언니.학교 수업 연구 주제인 ‘행복이란 무엇인가’를 친구들과 함께 생각하며 하루하루 즐거운 시간을 보내던 나노카. 그러던 어느날, 옆자리 짝꿍 키류가 학교에 나오지 않기 시작한다. 그림을 좋아하지만 놀림받을까봐 늘 그림 실력을 숨기는 소심한 키류. 나노카가 키.."
43,44,섬에 있는 서점,개브리얼 제빈,"세상을 연결하는 동네의 작은 서점 이야기!동네서점을 배경으로 펼쳐지는 책과 사랑의 이야기를 담은 지적인 로맨스, 스릴러를 닮은 반전, 따뜻한 비밀을 품고 있는 소설 『섬에 있는 서점』. 서점주인, 출판사 영업사원, 편집자, 독자이자 이웃인 사람들, 그리고 작가까지 책이 지나가는 길목에 있는 모든 종류의 사람이 주역으로든 단역으로든 등장하며 10여 년에 걸쳐 진행되는 이야기를 담고 있다.섬에 있는 작은 서점 ‘아일랜드 북스’의 주인 피크리는 얼마 전 사고로 아내를 잃고 혼자 산다. 성격도 까칠한데다 책 취향까지 까탈스러워, 그러잖아도 어려운 서점 운영은 더 어려워져만 간다. 책방을 접을까도 생각하지만 불행한 사건이 생기면서 그마저 여의치 않다. 그러던 어느 날, 서점에 놀라운 꾸러미 하나가 도착하면서 그의 삶.."
44,45,노르웨이의 숲,무라카미 하루키,"“나를 언제까지나 잊지 마, 내가 여기 있었다는 걸 기억해 줘.”하루키 월드의 빛나는 다이아몬드무라카미 하루키를 만나기 위해 가장 먼저 읽어야 할 책!페이지를 처음 펼치는 오늘의 젊음들에게, 그리고 오랜 기억 속에 책의 한 구절을 간직하고 있는 어제의 젊음들에게, 한결같은 울림으로 예민하고 섬세한 청춘의 감성을 전하며 영원한 필독서로 사랑받고 있는 무라카미 하루키의 대표작 『노르웨이의 숲』. 1989년 『상실의 시대』라는 제명으로 처음 출간된 이래 우리 출판 사상 최장기 베스트셀러를 기록하며 하나의 사건으로 남은 소설, 『노르웨이의 숲』이 민음사 세계문학전집에 이어 단행본으로 출간되었다. 1960년대 말 고도성장기 일본을 배경으로, .."
45,46,기사단장 죽이기 1,무라카미 하루키,"밤의 어둠 속에서 들려오는 방울소리, 그 어둠 속에서 모습을 드러낸 기사단장!무라카미 하루키가 7년 만에 선보인 본격 장편소설 『기사단장 죽이기』제1권. ‘이것이 하루키다!’라고 말할 수 있는 요소가 전부 담겨 있다는 평을 들으며 일본 출간 당시 130만 부 제작 발행으로 화제가 되었던 작품이다. 저자가 지금까지 구축해온 작품세계를 다양하게 변주하며 현세대 독자에게 던지는 메시지이자 한 사람의 예술가로서 내면 깊은 곳까지 내려가 농축한 결과물이다.저자가 작가생활 초기에 주로 썼던 일인칭 시점으로 돌아와 그 매력이 한층 짙게 느껴지는 이 소설은 현실과 비현실이 절묘하게 융합된 하루키 월드의 결정판으로도 볼 수 있다. 오페라, 클래식, 재즈, 올드 팝까지 여러 장르의 음악을 적재적소에 배치해 인물의 심상을 대변.."
46,47,오두막,윌리엄 폴 영,"100쇄 기념 리커버 특별판 윌리엄 폴 영의 소설 『오두막』. 이 책의 작가 윌리엄 폴 영은 그의 여섯 자녀에게 줄 크리스마스 선물로 이 책을 썼고, 완성된 초고를 15부 복사해 자녀들, 그리고 친분이 있는 사람들에게 선물했다. 원고를 읽고 감동받은 주변 사람들의 강한 권유로 출판사를 찾기 시작했다. 여러 이유로 원고를 계속 퇴짜를 맞은 폴 영은 평소 친분이 있던 목사 두 명과 함께 2007년 직접 책을 펴냈고, 웹사이트를 열어 책을 판매했다. 이 소설은 맥 필립스에게 일어나는 이야기이다. 맥의 막내 딸 미시는 가족 캠핑 중에 유괴된다. 딸의 시체는 발견되지 않았지만, 경찰은 버려진 숲속 오두막에서 아이들만 노리는 악명 높은 연쇄살인범에 의해 잔혹하게 살해된 증거를 찾아낸다. 그로부터 4년 뒤, ‘거대한 슬.."
47,48,동급생,프레드 울만,"프레드 울만의 작은 걸작 『동급생』 드디어 출간나치즘과 홀로코스트의 시대를 다룬 소설 중에서 가장 유명하고 지금까지 널리 읽히는 책의 하나인 『동급생』이 열린책들에서 출간되었다. 『동급생』은 1930년대 독일 슈투트가르트를 배경으로 유대인 소년과 독일 귀족 소년의 우정을 그린 프레드 울만의 소설이다. 작가 아서 케스틀러가 [작은 걸작]이라 평가하며 찬사를 아끼지 않았고, 아카데미 프랑세즈 회원이자 『르 피가로』 주필이었던 장 도르메송이 [눈물을 펑펑 쏟으며 울었다]고 고백한 바 있다.이 작품은 사춘기 두 소년이 우정을 형성해 가는 과정을 생동감 있게 묘사했다. 독일 서남부 지역의 아름다운 풍경 속에서 펼쳐지는 두 소년의 우정 이야기는 히틀러와 나치즘이 대두하는 시대.."
48,49,여름은 오래 그곳에 남아,마쓰이에 마사시,"제64회 요미우리문학상 수상작! 일본문단의 정통성을 잇는 거물 신인 마쓰이에 마사시의 놀라운 데뷔작! ‘국경의 긴 터널을 빠져나오자 눈의 고장이었다’(가와바타 야스나리,《설국》에서)만큼 아름다운 첫 소절이 또 있을까. 다자이 오사무의 고백하듯 담담한 독백체만큼 몰입도 좋은 문장이 또 있을까. 가와바타 야스나리의 강렬한 묘사, 다자이 오사무의 깊은 사색, 거기에 마루야마 겐지의 선 굵은 뚝심과 무라카미 하루키의 스타일리시한 여백까지 갖추었다고 평가되는, 일본 현대문학사에 길이 남을 작품이 등장했다. 오랜 편집자 생활을 뒤로하고 늦깎이 작가로 데뷔한 거물 신인 ‘마쓰이에 마사시’의 《여름은 오래 그곳에 남아》가 그 주인공이다. 인간을 격려하고 삶을 위하는 건축을 추구하는 노건축가.."
49,50,앨리스 죽이기,코바야시 야스미,"현실과 꿈속, 두 세계에 남겨진 연쇄살인의 단서를 찾아라!꿈과 현실 사이를 오가며 연쇄살인마를 추적하는 과정을 그린 고바야시 야스미의 미스터리 소설 『앨리스 죽이기』. 세심한 규칙과 논리적 설정으로 미스터리의 틀을 충분히 갖추고 있으면서도 호러소설의 실력자다운 잔혹 묘사를 더해 일반적인 미스터리와 다른 묘한 분위기를 느낄 수 있게 하는 저자만의 특징에서 한 걸음 더 나아가 세계적 고전 《이상한 나라의 앨리스》와의 접목을 시도한 작품이다.앨리스가 도마뱀 빌과 잡담을 나누고 있을 때 달걀 험프티 덤프티가 여왕의 정원 담 위에서 추락사한다. 3월 토끼와 미치광이 모자 장수는 살인사건이라며 호들갑을 떨어대고, 앨리스는 사건 현장에서 그녀를 보았다는 목격자 흰토끼의 증언 때문에 용의자로 몰린다. 한편 3월 토끼와 모.."
50,51,필사의 힘,생텍쥐페리,"지친 마음을 치유하고 문장력까지 길러 주는 필사 라이팅북, 연필이나 펜으로 내가 꼭 써 보고 싶었던 명작을 나만의 작품으로 만들 수 있는 책 '월드 클래식 라이팅 북' 시리즈. 시리즈의 첫 번째 책은 전 세계인들이 가장 사랑하고 꼭 써 보고 싶은 생텍쥐페리의 <어린 왕자>이다. 생텍쥐페리의 문장을 가만히 곱씹으며 따라 쓰다 보면 작가가 어떤 마음으로 그와 같이 뛰어난 문장을 쓰게 되었는지 이해할 수 있을 것이다."
51,52,앵무새 죽이기,하퍼 리,"반세기 넘도록 전 세계에서 끊임없이 읽히고 사랑받는 하퍼 리의 수작!성경 다음으로 가장 영향력 있는 책으로 꼽히는 하퍼 리의 소설 『앵무새 죽이기』를 예스러운 표현을 오늘날에 맞게 다듬고 재정비한 번역과 새로운 디자인으로 만나본다. 1960년 출간 직후 미국 전역에서 선풍적인 인기를 끌면서 그 이듬해 하퍼 리에게 퓰리처상의 영예를 안겨 준 작품으로, 대한민국에서도 2003년 정식 발매 이후 독자들에게 꾸준히 읽히며 30만 부 이상의 판매를 기록했다.이 작품은 미국에서 인종차별이 가장 심했던 주 가운데 하나인 남부 앨라바마 주에서 실제로 있었던 일을 토대로 젊은 백인 여성을 성폭행했다는 누명을 쓴 한 흑인 청년을 백인 변호사가 법정에서 변호하는 이야기를 담고 있다. 소설 속 화자인 6살 소녀 스카웃의 눈으로 .."
52,53,멋진 신세계,올더스 헉슬리,"암울한 미래를 그린 현대 고전!과학이 최고도로 발달해 사회의 모든 면을 관리, 지배하고 인간의 추생과 자유까지 통제하는 미래 문명 세계를 그린 올더스 헉슬리의 『멋진 신세계』. 올더스 헉슬리가 1932년에 발표한 이 작품은 금세기에 미래를 가장 깊이 있고 날카롭게 파헤친 작품 중 하나로 평가받고 있다. 번역의 대가인 안정효의 최신 완역판으로, 오역을 최소화하고 원서의 표현에 충실히 따랐으며, 더욱 세세한 설명과 뛰어난 문학적 표현으로 고전 작품을 읽는 참된 즐거움을 선사한다.가족이라는 유대가 사라진 세계, 죽음까지도 익숙해지도록 길들이기 훈련을 받는 세상에서 인간은 최소한의 존엄성과 인간적 가치, 그리고 스스로 생각할 자유마저 박탈당한다. 이곳 사람들은 태어날 때부터 다섯 계급으로 나뉘어, 인류를 ‘맞춤형’.."
53,54,윤동주 시집,윤동주,범우문고 제19권 『윤동주 시집』. 윤동주의 여러 작품을 감상할 수 있다. 문학평론가 임헌영의 윤동주론을 시작으로 본격적으로 시를 감상할 수 있도록 구성했다. 권말에는 연보를 정리해 참고할 수 있도록 했다.
54,55,광장/구운몽,최인훈,"세대를 거쳐 거듭 읽히며 사랑받고 있는 전후 한국 문학의 새 지평을 연 기념비작!해방 후 한국 현대 문학을 대표하는 작가이자 살아 있는 지식인의 표상, 최인훈의 대표작 『광장 구운몽』. 《광장》은 해방과 전쟁, 분단으로 이어지는 한국 근현대사와 궤를 같이하는 주인공 이명준의 깊은 갈망과 고뇌를 그린 작품으로 남북 간의 이념, 체제에 대한 냉철하고도 치열한 성찰을 담고 있다. 삶의 일회성에 대한 첨예한 인식, 개인과 사회·국가 간의 긴장과 갈등, 인간의 자유와 사랑 같은 본질적인 주제에 대한 폭넓은 성찰을 담아낸 한국 현재 문학사 최고의 고전이다. 《구운몽》은 한 개인은 물론 사회 전체의 억압된 무의식을 보여준 소설이다. 실패한 혁명의 이야기이지만 여덟 겹 꿈속에서 사랑을 찾아내는 사랑의 이야기이기도 하다."
55,56,대성당,레이먼드 카버,"소설가 김연수의 번역으로 만나는 카버 문학의 정수!“의심의 여지 없이 레이먼드 카버는 나의 가장 소중한 문학적 스승이었으며, 가장 위대한 문학적 동반자였다.” _무라카미 하루키‘헤밍웨이 이후 가장 영향력 있는 소설가’ ‘리얼리즘의 대가’ ‘미국의 체호프’ 등으로 불리며 미국 현대문학의 대표작가로 꼽히는 레이먼드 카버. 1960년 첫 단편 「분노의 계절」을 발표한 이후 1988년 폐암으로 세상을 떠날 때까지 삼십 년 가까운 세월 동안 그는 소설집, 시집, 에세이 등 십여 권의 책을 펴냈다. 그러나 카버의 진면목은 무엇보다 단편소설에서 확인할 수 있으며, 그런 까닭에 전 세계 많은 젊은 소설가들이 좋아하는 작가로 주저 없이 ‘레이먼드 카.."
56,57,나는 고양이로소이다,나쓰메 소세키,"봄날 책읽고 춤추는 고양이의 하루 『나는 고양이로소이다』는 소세키가 38세라는 늦은 나이에 작가로 입신하는 계기가 된다. 소세키의 등단작이자 출세작이 된 이 소설은 처음에 단편으로 내놓은 작품이다. 하이쿠 전문잡지인 《호토토기스》는 『나는 고양이로소이다』가 당대의 삶과 사회를 생생하고 우스꽝스럽게 그려내면서 호평과 반향을 일으키자 작가에게 이 소설을 장편 분량으로 연재하도록 권유해서 1905년부터 1906년까지 총 11회를 연재하기에 이른다.이 책에는 기존 번역본에서 볼 수 없는, 『나는 고양이로소이다』 상·중·하편이 한 권 한 권 묶일 당시 소세키가 쓴 자서(自序)를 함께 넣었다.주변머리라고는 없는 고집불통 영어 선생, 이상한 거짓말쟁이 미학자, 개구리.."
57,58,나미야 잡화점의 기적,히가시노 게이고,"기적과 감동을 추리한다!히가시노 게이고의 차기 대표작으로 손꼽힐 『나미야 잡화점의 기적』『나미야 잡화점의 기적』은 2012년 3월 일본에서 출간되어 큰 화제를 불러일으킨, 우리 시대를 대표하는 작가 히가시노 게이고의 작품이다. 작가가 그동안 일관되게 추구해온 인간 내면에 잠재한 선의에 대한 믿음이 작품 전반에 깔려 있는 이번 이야기에는 그동안 히가시노 게이고 하면 떠올랐던 살인 사건이나 명탐정 캐릭터는 전혀 등장하지 않는다. 그럼에도 불구하고 마치 퍼즐을 맞추어가는 듯한 치밀한 짜임새는 과연 히가시노 게이고의 작품답게 명불허전의 짜릿한 쾌감을 선사하며 감동을 자아내 작가의 고정 독자를 충분히 매료시킨다. “여러분이라면 어떤 고민을 상담하시겠습니.."
58,59,카라마조프 가의 형제들 세트,도스토옙스키,"『카라마조프 가의 형제들』은 심오한 사상과 다양한 주제 등 내용 면에서뿐 아니라 그 분량도 방대한 편이다. 그러나 그럼에도 불구하고 극단적인 소재와 긴장감 넘치는 구성으로 인해 한번 손에 들면 끝까지 읽어 내려가게 된다. 부자간의 재산 다툼, 한 여자를 둘러싼 갈등, 결국 이런 반목에서 이어지는 친부 살해라는 다분히 선정적인 소재에, 범죄소설 혹은 추리소설 기법으로 쓰인 이 작품은 도스토예프스키의 다른 어떤 작품보다도 가독성이 높다. 여기에, 독특한 개성을 지닌 인물을 중심으로 이야기가 진행됨으로서 자극적인 사건은 보다 더 흥미롭게 전개된다. 독특한 개성과 사상을 대변하는 인물들이 빚어내는 비극적인 사건을 통해 도스토예프스키는 삶과 죽음, 사랑과 욕정 등 인간 존재의 근본 문제를 다루고.."
59,60,안나 카레니나 세트,레프 톨스토이,"19세기 러시아의 대문호 레프 톨스토이가 남긴 최고의 리얼리즘 소설. 위선, 질투, 신념, 욕망, 사랑 등 인간의 감정과 결혼, 계급, 종교 등 인간이 만들어 낸 사회 구조에 대한 톨스토이의 모든 고민이 집약된 소설이다. 동시대 작가인 도스토예프스키로부터 '완벽한 예술 작품'이라는 평가와, 러시아 출신 소설가인 나보코프로부터 '톨스토이 스타일의 정점'이라는 극찬을 받았다.스테판 공작이 가정교사와 바람을 피운 사건 때문에 부부 사이에 불황가 생기자, 그의 여동생 안나 카레니나는 이들을 화해시키기 위해 모스크바로 온다. 페테르부르크에서 고위 관리의 아내로, 한 아이의 어머니로 행복하게 살던 안나는 이곳에서 만난 브론스키 백작에게 사로잡히고 만다. 브론스키는 스테판의 처제 키티에서 구애하던 중이었으나 그 역시 안.."
60,61,셰익스피어 4대 비극 세트,윌리엄 셰익스피어,"셰익스피어의 4대 비극을 한자리에서 만나다!인간의 고통에 대한 원숙하고도 냉혹한 성찰이 담긴 셰익스피어의 비극들을 엮은 『셰익스피어 4대 비극』 세트. 존재의 비극을 탐색한 극문학의 정수를 보여주는 《햄릿》, 모든 시대를 막론하고 가장 현대적인 작품 《오셀로》, 셰익스피어 4대 비극 중 가장 화려하고 잔인한 작품 《맥베스》, 소포클레스의 ‘안티고네’와 비견되는 서구 문학의 위대한 성취 《리어왕》을 만날 수 있다. (전4권)"
61,62,죄와 벌 1,도스토옙스키,"이성의 광기 속으로 가라앉는 자폐적 청춘의 초상!러시아의 대문호 도스토예프스키의 대작 『죄와 벌』 제1권. 도스토예프스키가 8년간의 유형 생활 후 발표한 두 번째 작품으로, 인간의 내면 깊은 곳에 숨겨진 심리를 파헤치고 있다. 죄와 속죄에 대한 다양한 인식들이 서로 갈등하고 교차한다. 1860년대 후반의 페테르부르크. 지방 소도시 출신의 청년 라스콜니코프는 형편이 어려워 학업을 중단하고 ‘관’ 같은 방에 틀어박혀 자신만의 완벽한 계획을 세운다. 어느 날 저녁, 그는 머릿속으로 구상한 계획에 따라 전당포 노파의 그녀의 이복여동생을 도끼로 살해한다. 누구의 눈에도 띄지 않은 완전 범죄였지만, 예심판사는 그의 심리를 꿰뚫으며 압박해 온다. 이성과 관념만이 가득했던 라스콜니코프의 마음에는 조금씩 불안감이 싹트고, .."
62,63,죄와 벌 2,도스토옙스키,"이성의 광기 속으로 가라앉는 자폐적 청춘의 초상!러시아의 대문호 도스토예프스키의 대작 『죄와 벌』 제2권. 도스토예프스키가 8년간의 유형 생활 후 발표한 두 번째 작품으로, 인간의 내면 깊은 곳에 숨겨진 심리를 파헤치고 있다. 죄와 속죄에 대한 다양한 인식들이 서로 갈등하고 교차한다. 1860년대 후반의 페테르부르크. 지방 소도시 출신의 청년 라스콜니코프는 형편이 어려워 학업을 중단하고 ‘관’ 같은 방에 틀어박혀 자신만의 완벽한 계획을 세운다. 어느 날 저녁, 그는 머릿속으로 구상한 계획에 따라 전당포 노파의 그녀의 이복여동생을 도끼로 살해한다. 누구의 눈에도 띄지 않은 완전 범죄였지만, 예심판사는 그의 심리를 꿰뚫으며 압박해 온다. 이성과 관념만이 가득했던 라스콜니코프의 마음에는 조금씩 불안감이 싹트고, .."
63,64,예감은 틀리지 않는다,줄리언 반스,"<내 말 좀 들어봐>, <플로베르의 앵무새>의 작가 줄리언 반스의 장편소설로, 2011년 맨부커상 수상작이다. 「인디펜던트」, 「타임스」 등 영미권 주요 매체들과 평론가들은 <예감은 틀리지 않는다>를 소개하면서 기억과 윤리의 '심리 스릴러'라는 말을 썼다. 원서로 150페이지 남짓한 이 길지 않은 소설이 독자를 몰아치는 힘과 서스펜스, 섬세하고 정교한 구성력 때문이다.또한 평론가와 저널리스트들은 소설적 완성도와 비극적 테마가 주는 무게로 따질 때, 반스의 이 최신작이 비슷한 길이의 노벨라(경장편)인 헨리 제임스의 <나사의 회전>에 필적하는 작품이라고 말한다. 불완전하고 믿을 수 없는 1인칭 화자의 시점에 의존하여 인간의 기억과 시점의 왜곡을 탐색하고, 마침내 진실이.."
64,65,노인과 바다,어니스트 헤밍웨이,"노벨 문학상, 퓰리처상 수상 작가, 20세기 미국 문학을 개척한 작가 어니스트 헤밍웨이의 대표작. 미국 현대 문학의 개척자라 불리는 헤밍웨이는 제1차 세계대전 후 삶의 좌표를 잃어버린 '길 잃은 세대'를 대표하는 작가이다. '민음사 세계문학전집' 278권으로 출간된 <노인과 바다>는 헤밍웨이의 마지막 소설로, 작가 고유의 소설 수법과 실존 철학이 짧은 분량 안에 집약되어 있다. 멕시코 만류에서 홀로 고기잡이를 하는 노인 산티아고는 벌써 84일째 아무것도 잡지 못했다. 같은 마을에 사는 소년 마놀린은 평소 산티아고를 좋아해 그의 일손을 돕곤 했는데, 노인의 운이 다했다며 승선을 만류하는 부모 때문에 이번에는 그와 함께 배를 타지 못한다. 산티아고는 혼자 먼 바다까지 배를 끌고 가 낚싯줄을 내린다. .."
65,66,울분,필립 로스,"미국 현대문학의 거장 필립 로스가 그려낸 격정적인 청춘의 시절과 통제할 수 없는 젊음의 이야기. 한 개인의 역사를 비극으로 몰고 가는, 숨막히는 사회의 진실을 들여다본다.첫 소설집으로 전미도서상을 수상하며 화려하게 데뷔, 이후 꾸준한 저작 활동을 통해 미국을 대표하는 작가로 자리매김한 필립 로스의 장편이다. 이미 국내에 소개된 바 있는 소설 『에브리맨』에서 한 노인의 삶을 통해 삶과 죽음에 대해 이야기했던 작가는 이번 작품을 통해 그와 정반대의 지점에 있는 젊은 청년의 삶을 그리며 다시 한 번 인간의 생에 대해 다루고 있다.2008년 발표한 이 작품은 1950년대 초 미국을 배경으로 한 유대계 청년의 삶을 보여주며, 젊음의 치기, 미숙함, 성(.."
66,67,연을 쫓는 아이,할레드 호세이니,"2010년, 새로운 번역으로 보다 깊이 있는 원전의 감동을 만나다!수천만 세계 독자를 울린 『연을 쫓는 아이』★ 《뉴욕타임스》 5년 연속 베스트셀러★ 미국도서관협회 선정 ‘청소년이 읽을 만한 성인 도서★ ’샌프란시스코 크로니클 선정 ‘올해 최고의 책’ ★ 엔터테인먼트 위클리 선정 ‘올해 최고의 소설’아프가니스탄인이 쓴 최초의 영어 소설이자 미국에서 가장 영향력 있는 작가로 손꼽히는 할레드 호세이니의 데뷔작 『연을 쫓는 아이』가 새로운 번역으로 현대문학에서 출간되었다. 호세이니의 두 번째 작품 『천 개의 찬란한 태양』을 번역한 전남대 영문과 왕은철 교수의 충실하면서도 섬세한 번역은 작가와의 친밀한 교감으로 보다 깊이 있는 원.."
67,68,1Q84 3,무라카미 하루키,"당신의 하늘에는 몇 개의 달이 떠 있습니까? 무라카미 하루키가 <어둠의 저편> 이후 5년 만에 펴낸 장편소설『1Q84』제3권. 해마다 노벨상 후보에 거론되며, 일본은 물론 세계적으로 많은 사랑을 받고 있는 작가 무라카미 하루키. 그가 이번에는 두 남녀의 아련한 첫사랑 이야기인 동시에 '1Q84'를 헤쳐나가며 겪게 되는 환상적인 이야기를 그렸다. 압도적인 이야기의 강렬함과 흡인력이 돋보인다. 스타일리시한 여자 암살자 아오마메와 작가지망생 덴고. 꽉 막힌 고속도로의 비상계단을 내려오면서 다른 세계로 접어든 아오마메와, 천재적인 문학성을 가진 열일곱 소녀 후카에리를 만나 기묘한 사건에 휘말리게 된 덴고 앞에 '1Q84'의 세계가 펼쳐진다. 그들은 몇 개의 달이 떠 있는 하늘 아래에서 만나게 될까? ☞ .."
68,69,상실의 시대,무라카미 하루키,"상실의 시대를 지나는 세상 모든 청춘을 위해!일본을 뛰어넘어 세계적 베스트셀러 작가로 거듭난 무라카미 하루키를 대표하는 『상실의 시대』. 혼자라는 고독 속에서 꿈과 사랑, 그리고 정든 사람들을 잃어가는 상실의 아픔을 겪는 세상 모든 청춘을 위한 장편소설이다. 저자의 자전적 소설이기도 하다. '와타나베'라는 한 남자가 10대부터 30대까지 젊은 날에 겪은 감미롭고 황홀하고 애절한 사랑 이야기를 그려내고 있다. 특히 와타나베가 '기즈키'와 '나오코' 혹은 '나오코'와 '미도리' 등과의 파격적 삼각관계를 중심으로 겪는 사랑뿐 아니라, 질투, 미움, 고독의 심리를 저자 특유의 탁월한 문학성과 문장력에 의해 현란하게 펼쳐낸다. 허무와 무상의 시간을 뛰어넘어 재생의 의욕을 심어줄 것이다.☞ 북소믈리에 한마디!꿈과 이념.."
69,70,빅 픽처,더글라스 케네디,"이루지 못한 꿈이 당신의 정체를 바꾼다!조국에 대한 비판적 관점으로 자신만의 소설 세계를 구축해가는 미국 태생의 소설가 더글라스 케네디를 대표하는 『빅 픽처』. 빼어난 착상 위에 반전을 거듭하는 폭발적 흡입력의 스토리가 펼쳐져 유럽을 사로잡은 장편소설이다. 변호사 '벤'에서 사진가 '게리'로 살아가게 된 한 남자의 일상 속으로 초대하는, 생생한 유머와 위트가 버무려진 스릴러다. 주어진 삶에 만족하지 못한 채 일탈을 꿈꾸고는 하는 우리를 완전한 몰입의 세계로 인도하고 있다. 특히 벤이 잃어버린 꿈으로 인해 고독과 슬픔, 방황과 일탈에 빠져든 모습은 마치 거울처럼 우리를 비춘다. 이루지 못한 꿈에 대해 생각하느라 밤마다 잠을 설치는 우리에게 섬뜩한 긴장감을 안겨주고 있다.☞ 이 책의 줄거리!미국 뉴욕 주 월가의.."
70,71,올리브 키터리지,엘리자베스 스트라우트,"2009년 퓰리처상 수상작. <올리브 키터리지>는 올리브 키터리지라는 여성을 중심으로 미국 메인 주의 작은 마을 크로스비 사람들의 이야기를 열세 편의 단편에 담아낸 연작소설 형식의 작품이다. 심사위원들로부터 ""퉁명스럽고 허점이 많으면서도 매혹적인 인물 올리브가 있고, 독자의 정서에 진하게 호소하는 세련된 작품""이라는 평을 들으며 퓰리처상을 수상했다. 올리브 키터리지는 학교에서 수학을 가르치다 이제는 정년퇴임한 여인이다. 거구의 이 여인은 일반적인 의미의 '좋은 사람'은 아니다. 그녀는 '결코 어떤 일에도 사과를 하지 않는' 사람이며, '크로스비 주민 가운데 걸코 우는 모습을 볼 일이 없을 거라고 생각되는' 사람이고, '극도로 변덕스러운' 사람이다. 하지만 동시에 다른 사람에 대한 예리한 통찰력과 .."
71,72,1Q84 2,무라카미 하루키,"당신의 하늘에는 몇 개의 달이 떠 있습니까?무라카미 하루키가 <어둠의 저편> 이후 5년 만에 펴낸 장편소설『1Q84』제2권. 해마다 노벨상 후보에 거론되며, 일본은 물론 세계적으로 많은 사랑을 받고 있는 작가 무라카미 하루키. 그가 이번에는 두 남녀의 아련한 첫사랑 이야기인 동시에 '1Q84'를 헤쳐나가며 겪게 되는 환상적인 이야기를 그렸다. 압도적인 이야기의 강렬함과 흡인력이 돋보인다.스타일리시한 여자 암살자 아오마메와 작가지망생 덴고. 꽉 막힌 고속도로의 비상계단을 내려오면서 다른 세계로 접어든 아오마메와, 천재적인 문학성을 가진 열일곱 소녀 후카에리를 만나 기묘한 사건에 휘말리게 된 덴고 앞에 '1Q84'의 세계가 펼쳐진다. 그들은 몇 개의 달이 떠 있는 하늘 아래에서 만나게 될까?하루키는 .."
72,73,1Q84 1,무라카미 하루키,"당신의 하늘에는 몇 개의 달이 떠 있습니까? 압도적인 이야기의 강렬함, 읽기를 멈출 수 없는 놀라운 흡인력전세계 독자가 손꼽아 기다려온 무라카미 하루키 문학의 결정판!『세계의 끝과 하드보일드 원더랜드』로 시작하여 『노르웨이의 숲』으로 마무리되는 무라카미 하루키 문학의 집대성! 『해변의 카프카』 이후 7년 만에, 『어둠의 저편』 이후 5년 만에 출간된 무라카미 하루키 장편소설로, 일본에서는 폭발적인 반응을 불러 일으켰다. 출간되기 전 예약 판매 첫날 종합 베스트셀러 1위를 기록했으며, 당일인 5월 29일 하루에만 68만 부가 판매. 발매 10일 만에 100만 부 판매, 출간 3개월 만에 2009년 일본 전체 서적 판매 1위에 오르는 기염을 토했다. 또한 소설 속 주인공인 아오마메가 택시 안에서 듣는 곡인 야나.."
73,74,천 개의 찬란한 태양,할레드 호세이니,"절망의 끝에서 희망을 피워낸 두 여자가 만들어내는 인간드라마 아프가니스탄에 남겨진 여성들의 삶. 이 책은 아프가니스탄 출신의 작가 할레드 호세이니의 작품으로, 절망의 끝에서 희망을 피워낸 두 여자가 만들어내는 인간드라마를 탄탄한 구성과 흡입력 강한 문체로 그려내고 있다. 전란의 소용돌이에 남겨진 두 여자, 마리암과 라일라. 한 남자의 아내들로 만나게 된 두 여자는, 어쩌면 불가능할 듯도 싶은 연대를 만들어간다. 가난과 차별, 그리고 끊임없는 폭력과 생명의 위협 속에서도 서로에 대한 믿음과 희생으로 희망을 가꿔가는 그들의 이야기가 눈물겹게 펼쳐진다.▶ 작품 자세히 들여다보기!소련 침공, 내전과 뒤이은 탈레반 정권의 폭압, 그리고 미국과의 전쟁 등 아프가니스탄의 비극적인 현대사와 그 전란의 소용돌이 속에 남겨진.."
74,75,무진기행,김승옥,"근대인의 일상과 탈일상을 감각적으로 그려낸, 김승옥의 대표 단편들근대인의 일상과 탈일상을 감각적으로 표현해 내면서 1960년대 문학에 '감수성의 혁명'을 일으킨 김승옥 대표작 모음집. '서울'과 '무진'이라는 공간 사이에서 그리고 현실과 이상 사이에서 갈등하는 주인공의 내면을 섬세하게 표현한 '무진기행'을 비롯해 김승옥의 등단작인 '생명연습', 동인문학상 수상작 '서울 1964년 겨울' 그리고 이상문학상 수상작 '서울의 달빛 0장'까지, 단편 10편을 모아 엮었다. 이번 단편집에는 1962년 등단작 '생명연습'부터 1977년 제1회 이상문학상 수상작인 '서울의 달빛 0장'까지, 20년도 채 안 되는 기간 동안 김승옥이 발표한 작품들이 담겨 있다. 작가의 작품들은 기존의 도덕적 상상력과 윤리적 세계관의 굴레에.."
75,76,왜 나는 너를 사랑하는가,알랭 드 보통,"2005년 4월 14일 'TV 책을 말하다' 추천도서. 남녀가 만나 사랑에 빠지는 그 놀랍도록 기이한 첫 만남에서부터, 점차 시들해지고 서로를 더이상 운명으로 느끼지 않게 되는 이별까지. 연애에 든 남녀의 심리와 그 메카니즘이 아주 흥미진진한 철학적 사유와 함께 기술되어 있다.파리에서 런던으로 가는 비행기에서 그래픽 디자이너 '클로이'와 5840.82분의 1의 확률로 옆 좌석에 앉게 된 `나'는 상상할 수 없을 정도로 희박한 확률로 만났다는 ""낭만적 운명론""에 빠져 사랑을 시작하게 된다. 서로를 이상화하며 서로에게 맞추려고 노력하며 서로를 알아가고 섹스를 하고 사랑을 하다가 클로이가 다른 사람에게 호감을 가지게 되어 `나'를 떠나면서, 사랑은 종말을 맞이한다. 실연을 당한 `나'는 `자.."
76,77,"당신, 거기 있어 줄래요?",기욤 뮈소,"30년 전, 첫사랑을 만날 기회가 주어진다!《구해줘》의 작가 기욤 뮈소의 최신 장편소설『당신 거기 있어줄래요』. '만약 우리에게 시간을 되돌릴 기회가 주어진다면, 인생을 어떻게 바꿀 것인가?'라는 질문을 던지는 이 책은 시간의 개념과 인생의 선택에 대한 성찰의 기회 제공이라는 두 가지 요소를 생생한 화면 구성, 빠른 전개로 결합시켜 독특하게 그려내고 있다.주인공 엘리엇은 명망 있는 외과의사로 성공적인 삶을 열어왔지만 한 가지 떨쳐버릴 수 없는 회한이 있다. 그것은 바로 사랑하는 연인을 사고로부터 구해내지 못한 것이다. 캄보디아에서 만난 신비의 노인으로부터 과거로 돌아갈 수 있는 열 개의 알약을 얻게 된 그는 30년 전으로 돌아갈 수 있는 기회를 부여잡는다. 그러나 죽은 일리나를 살려내면서 그의 삶은 예기치 .."
77,78,톨스토이 단편선 1,레프 톨스토이,"<부활>, <전쟁과 평화> 저자 톨스토이 단편선 개정판 제1권. 톨스토이의 작품 중 삶의 철학과 깨달음의 지혜가 담긴 12편의 작품을 선별해 수록했다. 여기에 파스텔 톤의 삽화를 작품 곳곳에 넣어 글의 감동을 더해주고 있다."
78,79,폭풍의 언덕,에밀리 브론테,"『폭풍의 언덕』은 서른 살의 나이에 요절한 에밀리 브론테가 죽기 일 년 전에 발표한 유일한 소설. 황량한 들판 위의 외딴 저택 워더링 하이츠를 무대로 벌어지는 캐서린과 히스클리프의 비극적인 사랑, 에드거와 이사벨을 향한 히스클리프의 잔인한 복수를 그린 이 작품은 작가가 ‘엘리스 벨’이라는 가명으로 발표했을 당시에는 그 음산한 힘과 등장인물들이 드러내는 야만성 때문에 반도덕적이라는 비난을 받았다. 심지어 그녀의 언니 샬럿마저도 1850년에 출판된 소설의 서문에서 ""어줍잖은 작업장에서 간단한 연장으로 하찮은 재료를 다듬어 만든 것""이라고 말한 바 있다. 에밀리가 이 세상에 남긴 것은 이 한 편의 소설과 완성되지 않은 단편적인 문장을 포함한 193편의 시에 불과하다. 그럼에도 그녀가 불후의 문학적 명성을 얻게 된.."
79,80,꾸뻬 씨의 행복 여행,프랑수아 를로르,"진정한 행복을 찾아 나선 꾸뻬 씨의 여행!파리의 정신과 의사 꾸뻬 씨가 전하는 특별한 행복론 『꾸뻬 씨의 행복 여행』. 현대인의 우울한 마음의 원인을 진단하는 책들을 펴내며 작가로서도 명성을 얻고 있던 정신과 전문의 프랑수아 를로르가 환자들을 진료하며 얻은 경험과 생각들을 바탕으로 쓴 소설이다. 물질적인 풍요보다 정신적인 만족이 행복의 기준이 되어가는 시대, 복잡한 현대인의 심리의 핵심을 짚어보면서 누구나 공감할 수 있는 이야기로 마음을 움직인다. 교보문고와 함께하는 KBS 2TV 북토크쇼 《달빛프린스》의 세 번째 선정도서로, 배우 이보영이 추천했다.성공한 정신과 의사 꾸뻬 씨. 그의 진료실은 언제나 많은 것을 갖고 있으면서도 스스로를 불행하다고 여기는 사람들로 넘쳐난다. 어느 날, 꾸뻬 씨는 자신 역시 행.."
80,81,인간 실격,다자이 오사무,"인간의 나약함을 탁월하게 묘사하는 다자이 오사무의 작품을 새롭게 읽는다. 순수하고 여린 심성의 젊은이가 인간 사회의 위선과 잔혹성을 견디지 못하고 파멸되어 가는 과정을 그린 소설로, 어느 세계에도 속하지 못한 채 인간 실격자로 전락한 주인공의 내면을 치밀한 심리묘사로 기록하였다. 다자이 작품 속의 타락과 자기파괴적 언행은 제2차 세계대전에서 패망한 후 공황상태에 빠진 일본 젊은이들의 의식을 반영하고 있다. 다자이 작품은 기성세대의 가치관 및 윤리관, 도덕관이 패전과 함께 붕괴되면서 기존 사회에 속한 모든 것을 거부하고 새로이 시작하고자 하는 처절한 몸부림을 담고 있다. 어떻게든 사회에 융화하고자 애쓰고, 인간에 대한 구애를 시도하던 주인공이 결국 모든 것에 배반당하고 인간 실격자가 되어가는 패배의 기록인 이.."
81,82,오만과 편견,제인 오스틴,"원문에 충실한 정확한 번역으로 만나는 『오만과 편견』!전혀 새로운 번역, 원문에 충실한 정확한 번역으로 만나는 『오만과 편견』. 영국인들이 가장 사랑하는 작가로 꼽힌 제인 오스틴의 대표작이자 출세작이다. 이 책은 10년에 걸친 기간 동안 철저한 원문 대조를 통해 원래의 의미와 문체를 생생히 살려낸 완역본으로, 원작의 가치와 재미를 그대로 살려내고자 했다. 특히, 기본의 번역서에서 빈번하게 발생되는 오역이나 부정확한 번역을 없애고, 원작을 그대로 충실하게 재현하고자 했다. 또한 작가 제인 오스틴의 문체적인 특징이나 기법을 최대한 살렸고, 당시 시대상에 맞도록 적절한 표현을 찾아 번역하려고 노력했다. 무엇보다도 원작의 단어 하나하나의 의미도 빠뜨리지 않고 번역하되, 자연스러운 한국어로 읽힐 수 있도록 했다. 하.."
82,83,1984,조지 오웰,"『동물농장』과 함께 조지 오웰을 대표하는 작품으로, 전제주의라는 거대한 지배 시스템 앞에 놓인 한 개인이 어떻게 저항하다가 어떻게 파멸해 가는지, 그 과정과 양상, 그리고 배후를 적나라하게 보여주는 디스토피아 소설이다. 작품의 무대인 오세아니아는 전체주의의 극한적인 양상을 띠고 있는 나라. 오세아니아의 정치 통제 기구인 당은 허구적 인물인 빅 브라더를 내세워 독재 권력의 극대화를 꾀하는 한편, 정치 체제를 항구적으로 유지하기 위해 텔레스크린, 사상경찰, 마이크로폰, 헬리콥터 등을 이용하여 당원들의 사생활을 철저하게 감시한다. 당의 정당성을 획득하는 것과 동시에 당원들의 사상적인 통제를 위해 과거의 사실을 끊임없이 날조하고, 새로운 언어인 신어를 창조하여 생각과 행동을 속박함은 물론, 인간의 기본적인 욕구인 .."
83,84,자기 앞의 생,로맹 가리,"유일하게 공쿠르 상을 두 번 받은 작가 로맹 가리하밀 할아버지, 사람은 사랑 없이도 살 수 있나요?‘휴머니즘의 작가’로 알려진 로맹 가리는 러시아 이민자 출신의 유태인이다. 2차세계대전 후 그는 세계 각지에서 외교관으로 일하면서 1956년에는 소설 『하늘의 뿌리』로 공쿠르 상을 수상했다. 그는 가명으로도 여러 소설을 발표했는데, 아자르의 이름으로 발표한 두번째 소설 『자기 앞의 생』으로 한 작가에게 결코 두 번 주어지지 않는다는 공쿠르 상을 수상하게 되면서 공쿠르 상을 두 번 받은 작가가 되었다. 작가는 자기의 실제 나이보다 많은 나이를 살고 있는 열네 살 모모의 눈을 통해 이해하지 못할 세상을 바라본다. 모모의 눈에 비친 세상은 결코 꿈같이 아름다운 세.."
84,85,위대한 개츠비,F. 스콧 피츠제럴드,20세기 미국문학을 대표하는 장편소설. 무능력한 부모에게서 태어난 개츠비는 성공의 야망을 품고 육군장교가 되어 데이지와 만나나 데이지는 돈많은 남자 뷰캐 넌과 결혼한다. 개츠비는 술을 밀조하여 엄청난 부를 누리게 되는데...오직 사랑하는 여인을 얻기 위해 살아 온 개츠비의 삶을 통해 과연 우리 삶에서 소중한 것이 무엇인지 생각하게 해준다. 20세기 가장 뛰어난 미국 소설로 꼽히는 <위대한 개츠비>가 민음사에서 출간되었다. 그동안 우리나라에서 출간된 <위대한 개츠비>는 수십 권에 달하며 현재 팔리고 있는 판본만 27종에 이른다. 이처럼 세대를 거듭하여 번역되고 읽히는 고전은 보통 텍스트가 정확하다고 생각하기 쉽지만 실제로는 그러하지 않은 경우가 허다하다. <위대한 개츠비> 역시..
85,86,구운몽,김만중,"<구운몽>은 조선 중기의 전형적인 양반 사회의 이상을 반영한 본격적인 고전 소설이다. 또한 귀족 문학에서 평민 문학으로 넘어가는 과도기적인 작품이며 현실에서 꿈으로, 다시 현길로 돌아오는 환몽 구조를 바탕으로 한 몽자류 소설의 효시다. 제목의 구운은 주인공 성진과 팔선녀을 가리키며, 인간의 삶을 나타났다 사라지는 구름에 비유하고 있으니 구운몽은 결국 이들 아홉 사람들이 꾼 꿈이다. 이 작품에서는 인생 무상, 일장춘몽, 즉 덧없음이라는 주제를 주인공 성진의 하룻밤 꿈을 통해 보여준다. 김만중의 <구운몽>은 오늘날에 이르기까지 환몽구조를 가진 작품들의 원형이 되고 있으며 그 주제 또한 변함없는 감동과 교훈을 주는 고전소설의 백미이다."
86,87,체호프 단편선,안톤 체호프,"러시아 단편문학의 천재 체호프가 쓴 웃음과 눈물의 대역전극. 대표작 ""관리의 죽음""에 국내에 처음 소개되는 체호프의 단편 9편을 포함 총 10편의 단편을 수록했다. 사소한 인물 군상을 통해 일상의 본질과 삶의 아이러니를 포착, 단순한 유머를 넘어서 우수 어린 서정적 미학을 창출해 낸 체호프의 작품 세계를 접할 수 있다."
87,88,설국,가와바타 야스나리,"일본 최초의 노벨문학상 수상작품. 그러나 가와바타 야스나리의 '설국'은 무슨무슨상으로 소개되기 보다는 그 자체의 서정적 아름다움을 강조하는 것이 책에 대한 예의가 아닐까 싶다. 이미 여러 번 번역되어 많은 사람들이 읽은 책이지만, 가와바타 야스나리 문장의 백미라 할 수 있는 '눈 지방의 정경을 묘사하는 서정성 뛰어난 감각적인 문체'를 표현하는 방법은 좀 더 여러가지 해석 및 번역을 허용하리라 생각된다. 이 작품의 특징은 인물과 배경 묘사가 치밀한 데 반해, 그 안의 두드러진 줄거리가 없다는 것이다. 인간 행위의 유한함을 자연의 무한함에 비교하려고 했던 저자의 의도를 간접적으로 느낄 수 있다."
88,89,연금술사,파울로 코엘료,"전세계 8천 5백만 독자가 읽은 전설적인 베스트셀러마음의 목소리에 귀기울이는 것이 얼마나 중요한지 증언하는 고귀한 성서, 진정 자기 자신의 꿈과 대면하고자 하는 모든 이를 축복하는 희망과 환희의 메시지, 세계적인 밀리언셀러 작가 파울로 코엘료의 『연금술사』가 신작 『히피』 출간과 함께 새로운 표지로 선보인다. 현재까지 전세계 81개 언어로 번역되어 8천 5백만 독자의 사랑을 받았고, 2009년 ‘한 권의 책이 가장 많은 언어로 번역된 작가’로 기네스북에 기록된 『연금술사』는 파울로 코엘료가 명실상부 세계적 작가의 명성을 얻게 한 작품이다. 주인공 양치기 산티아고를 중심으로 영혼의 연금술이라는 주제를 간명하게 표현한 이번 특별판은 2018년 12월부터 한정 수량으로 판매된다."
89,90,호밀밭의 파수꾼,제롬 데이비드 샐린저,"1951년 처음 발표된 이래 가장 사랑받는(특히 젊은이들로부터) 고전의 자리를 놓치지 않아온 J.D. 샐린저의 장편소설을 번역가 공경희씨가 다시 옮겼다. 마침 2001년은 <호밀밭의 파수꾼>이 발표된지 꼭 50년이 되는 해이다. 이 책은 지금도 여전히 매년 약 30만 부가 팔려나간다.소설은 홀든 콜필드라는 16세 소년이 학교에서 퇴학을 당한 후 집으로 돌아가기까지 단 2일간의 이야기를 주절주절 늘어놓은 것이다. 뉴욕 부르주아 집안의 아들이지만 허영과 위선으로 가득찬 사립학교와 사람들을 견디지 못하는 그의 독백이다.독자는 홀든이 정신병원(혹은 요양소)에 들어가 있다는 것을 이미 알지만, 홀든의 눈에 비친 세상을 꼭 홀든의 시각 그대로 보게 된다. 그의 영혼이 얼마나 순수하고 깨끗한 것인지도 알게 된.."
90,91,개미 1,베르나르 베르베르,"프랑스의 천재 작가 베르나르 베르베르의 〈개미〉는 인간 세계와 개미 세계의 만남과 대립에 이어 두 문명이 서로 이해하고 화합을 이루게 되는 장을 그려 내고 있다.〈개미〉는 우선 표면적으로는 소설에서 설정된 인간 사회와 개미 사회에서 일어나는 실종?살인 등을 추적해서 그 원인을 밝히는 추리 소설 양식과 개미들의 생태 등이 과학적 준거 위에서 치밀하게 관찰?묘사되는 과학 소설 양식이 한꺼번에 잘 녹아 있는 데서 감각적 재미가 얻어진다.그 자체로 흥미로운 〈추리+과학〉과 소설 양식의 얽힘은 그러나 단순히 그곳에서 머물지 않고 소설 속의 세 가지 이야기, 즉 인간들의 삶, 개미 사회의 삶, 백과사전 기록 등의 서사가 병치?나열되는 가운데 더욱 큰 미궁에 빠뜨리는 추리와 더욱 치밀해지는 놀라운 .."
91,92,달과 6펜스,윌리엄 서머셋 모옴,프랑스의 후기 인상파 화가 폴 고갱을 모델로 한 중년의 사내(스트릭랙드)가 달빛 세계의 마력에 끌려 6펜스의 세계를 탈출하는 과정을 그린 이야기. 세속의 세계에 대한 냉소 또는 인습과 욕망에 무반성적으로 매몰되어 있는 대중의 삶에 대한 풍자가 담겨있는 소설.
92,93,이반 데니소비치의 하루,알렉산드르 솔제니친,"1970년 노벨수상작가 솔제니친의 처녀작이자 대표작. 러시아의 저항 문학가 솔제니친이 진솔한 언어로 써내려간, 인간 존중에 대한 소설적 보고서. 구 소련 스탈린 시대를 배경으로 강제 노동수용소에 수감된 이반 데니소비치의 더없이 만족스러운, 재수가 썩 좋은 하루를 통해 인간으로서의 존엄성을 박탈하는 체제의 폭압을 비판하고 그 속에서도 희망을 찾아내려는 개인의 꺾이지 않는 의지를 정확한 등장인물 성격 묘사와 간결하고도 박력있는 문체, 작품 전체의 밑바닥을 흐르는 강인한 저항 정신 속에서 표현해냈다."
93,94,젊은 베르테르의 슬픔,요한 볼프강 폰 괴테,"연애 문학의 최고봉이며, 괴테를 형성하고 있는 여러 가지 요소와 경향이 음양으로 명백하게 아련하게 표명되어 있는 고전의 명작! 한때 자살자가 속출, 발매금지가 되기까지 한 문제의 소설이다."
94,95,파리대왕,윌리엄 골딩,"1983년 노벨상 수상작가의 대표 장편. 핵전쟁이 벌어진 위기상황에서 한떼의 영국 소년들이 후송되던 중 무인도에 불시착한다. 무인도에서 벌어지는 소년들의 삶과 죽음, 투쟁을 그린 작품으로 인간 본성의 결함에서 사회결함의 근원을 나타낸 소설이다. 일반적인 불안의 풍토 속에서 구상된 모험담으로 우화와 알레고리의 차원을 지닌 작품으로 폭발적인 호소력을 발휘한 소설이다."
95,96,멋진 신세계,올더스 헉슬리,1932년 발표한 고전소설. 과학의 발달로 인하여 인간 이 모두 인공적으로 제조되는 미래사회를 풍자적으로 그린 장편. 인간이 스스로 발견한 과학과 성앞에 노예로 전락하여 마침내 모든 인간적 가치와 존엄성을 상 실하는 비극을 묘사했다. 저자는 1894년 영국 출생.
96,97,"이반 데니소비치, 수용소의 하루",알렉산드르 솔제니친,한 개인의 비극적 운명을 통해 지배권력의 허상을 적 나라하게 폭로한 노벨상 수상작가의 대표작. 작가가 직접 경험한 노동수용소 생활의 하루 일상을 세련되고절제된 필치로 묘사했다. 이반 데니소비치라는 인물을통해 힘없는 자에 대한 숭고한 애정을 보여준다.
97,98,호밀밭의 파수꾼,제롬 데이비드 샐린저,20세기 최고의 미국 현대소설로 칭송받는 책. 존 레넌이 암살되던 때 피격자가 이 책을 들고 있던 것으로 유명하다. 넓은 호밀밭을 뛰어노는 아이들이 굴러떨어질 때 벼랑 끝에서 붙잡아주는 호밀밭의 파수꾼이 되고 싶어하는 주인공 홀든이 누군가 자신을 붙잡아주기를 바라며 헤매이는 48시간의 독백이다.
98,99,동물농장,조지 오웰,"1945년에 간행된 조지 오웰의 대표작. 어떤 농장의 동물들이 늙은 돼지 메이저의 부추김에 빠져 농장주의 압제에 대항해 반란을 일으켜 인간의 착취가 없는 `모든 동물이 평등한 이상사회`를 건설한다. 그러나 돼지들이 지도자가 되고 그 중에서도 힘이 세었던 스노볼을 돼지의 지도자 나폴레옹이 내쫓은 뒤로부터는 동물들이 옛날보다 더 혹독한 여건하에서 혹사를 당하게 된다. 이윽고 인간과의 거래가 부활하고 그 사회를 위하여 눈물겨운 투쟁을 했던 말 복서도 일할 수 없게 되자 도살용으로 인간에게 팔려서, 결국 돼지사회도 인간사회와 별 차이가 없는 것이 되고 만다고 하는, 권력과 스탈린주의에 대한 비판적인 풍자소설이다."
99,100,햄릿,윌리엄 셰익스피어,"영국 최고의 극작가 셰익스피어가 낳은 문제적 인간 ‘햄릿’삶과 죽음, 인간의 모든 문제를 담고 있는 극문학의 정수셰익스피어의 4대 비극 중 가장 유명하고 가장 대중의 사랑을 받는 작품인 『햄릿』. 1601년에 창작한 이 작품은 격변하는 르네상스기의 흐름을 반영하는 시대정신의 산물이자, 선과 악 사이에서 갈등하며 인간의 존재 이유를 묻는 햄릿을 통해 회의적 인간의 전형을 보여 준다. 갈릴레이와 동시대인인 셰익스피어는 당시 이탈리아에서 유입된 새로운 문화로 인해 영국 사회가 술렁이던 상황, 아울러 통치자이던 엘리자베스 여왕의 총애를 듬뿍 받던 에섹스 백작이 왕위 계승 문제로 한순간에 반란자가 되는 상황을 목도하고 『햄릿』을 구상했다. 셰익스피어는 햄릿이라는 문제적 인간을 내세워 동물과 대비되는 지성의 능력과 한.."
