,title
687,불황의 경제학
688,어제까지의 세계
689,공정하다는 착각
690,에티카
691,차라투스트라는 이렇게 말했다
692,"하루 한 번, 심리학 공부를 시작했다"
693,모두 거짓말을 한다
694,우리가 우리를 우리라고 부를 때 : N번방 추적기와 우리의 이야기
695,"요한, 씨돌, 용현"
696,알지 못하는 아이의 죽음
697,나의 아버지 박지원
698,김지은입니다
699,다른 방식으로 보기
700,임계장 이야기
701,페스트
702,낭송 전습록
703,인간을 읽어내는 과학
704,시간은 흐르지 않는다
705,김상욱의 양자 공부
706,나는 내가 죽었다고 생각했습니다
707,아빠의 아빠가 됐다
708,부의 인문학
709,치과의사 피트씨의 똑똑한 배당주 투자
710,밀레니얼머니
711,멀티팩터
712,마법의 연금 굴리기
713,업무와 일상을 정리하는 새로운 방법 Notion
714,50대 사건으로 보는 돈의 역사
715,금융과 회사의 본질
716,내 언어에 속지 않는 법
717,설국열차
718,우리가 빛의 속도로 갈 수 없다면
719,단단한 영어공부
720,눈 속의 구조대
721,여름의 책
722,진짜 페미니스트는 없다
723,굿 라이프
724,공정하지 않다
725,불안의 서
726,잠의 사생활
727,본질의 발견
728,"그믐, 또는 당신이 세계를 기억하는 방식"
729,공채형 인간
730,내가 모르는 것이 참 많다
731,두개의 별 두개의 지도
732,명리 : 운명을 읽다
733,타락한 저항
734,어떤 양형 이유
735,선량한 차별주의자
736,카렌 암스트롱의 바울 다시 읽기
737,해커와 화가
738,yoyo 요요
739,팔과 다리의 가격
740,스스로 깨어난 자 붓다
741,축의 시대
742,검사내전
743,산 자들
744,"가자, 어디에도 없었던 방법으로"
745,"바보야, 문제는 돈이 아니라니까"
746,플랫폼의 생각법
747,퇴사준비생의 런던
748,태도의 말들
749,말이 무기다
750,도덕의 계보학
751,니체는 틀렸다
752,"Why, YC"
753,기획은 2형식이다
754,"오늘, 내일, 모레 정도의 삶"
755,나는 아마존에서 미래를 다녔다
756,13번째 증언
757,플라이 백
758,"사람, 장소, 환대"
759,"걷는 사람, 하정우"
760,다가오는 말들
761,김예슬 선언
762,냉면의 품격
763,그들의 첫 번째와 두 번째 고양이
764,미루기의 천재들
765,"한국, 남자"
766,묵묵
767,낭송의 달인 호모 큐라스
768,IMF 키즈의 생애
769,낭송 흥보전
770,백작부인
771,일할 수 없는 여자들
772,쾌락독서
773,우리가 함께 장마를 볼 수도 있겠습니다
774,누가 고양이를 죽였나
775,폭력과 존엄 사이
776,실격당한 자들을 위한 변론
777,아침에는 죽음을 생각하는 것이 좋다
778,슬픔을 공부하는 슬픔
779,일하는 마음
780,제국의 구조
781,천천히 서둘러라
782,어떻게 일할 것인가
783,던바의 수
784,"김현종, 한미 FTA를 말하다"
785,공부 중독
786,우리의 노동은 왜 우울한가
787,이게 정말 천국일까?
788,정해진 미래
789,어느 독일인의 삶
790,책 잘 읽는 방법
791,증여론
792,조선에서 백수로 살기
793,기타노 다케시의 생각노트
794,"언플래트닝, 생각의 형태"
795,"여보, 나좀 도와줘"
796,중쇄를 찍자
797,사랑의 생애
798,우린 아무 관계도 아니에요
799,무진기행
800,첫사랑
801,"섹스, 다이어트 그리고 아파트 원시인"
802,그런 남자는 없다
803,얼굴 빨개지는 아이
804,중용
805,성서를 읽다
806,세계공화국으로
807,NPS 순추천고객지수 궁극적 질문에 대답하기
808,장자화의 사기 1 : 큰 그릇이 된다는 것
809,평균의 종말
810,바른 마음
811,나는 기억한다
812,대량살상수학무기
813,최초의 신화 길가메쉬 서사시
814,대통령 보고서
815,실력과 노력으로 성공했다는 당신에게
816,소크라테스와 CRM
817,"1996년 종로, 노무현과 이명박"
818,황현산의 사소한 부탁
819,우리말은 서럽다
820,나는 그냥 버스기사입니다
821,일본 디플레이션의 진실
822,제자리걸음을 멈추고
823,채플린과 히틀러의 세계대전
824,라프 코스터의 재미이론
825,우리는 어떻게 괴물이 되어가는가
826,생활 예절
827,"잘라라, 기도하는 그 손을"
828,3층 서기실의 암호
829,세계서점기행
830,유튜브의 신
831,"아무튼, 서재"
832,"당선, 합격, 계급"
833,신이 된 시장
834,책의 역습
835,굿 워크
836,세계사의 구조
837,대부
838,마케터의 일
839,힐빌리의 노래
840,거대한 사기극
841,서울의 3년 이하 서점들 : 책 팔아서 먹고살 수 있느냐고 묻는다면?
842,위트 그리고 디자인
843,특이점의 신화
844,그림자 노동의 역습
845,권외편집자
846,기술적 복제가 가능한 시대의 예술작품
847,다산의 글쓰기 전략
848,성공과 좌절
849,센스의 재발견
850,포르투갈의 높은 산
851,"안녕하세요, 시간입니다"
852,행복의 기원
853,세인트존스의 고전 100권 공부법
854,우리 사우나는 JTBC 안 봐요
855,창업가의 일
856,앞으로의 책방
857,"취향을 설계하는 곳, 츠타야"
858,당신에게 말을 건다
859,1765-1766년 겨울학기 강의공고
860,우리는 왜 구글에 돈을 벌어주기만 할까
861,사기를 읽다
862,사생활의 천재들
863,식물들의 사생활
864,골목의 전쟁
865,생각하지 않는 사람들
866,세상은 바꿀 수 있습니다
867,빵과 강아지
868,세상 모든 책장
869,술 먹는 책방
870,능력주의는 허구다
871,죽음에 관하여
872,그 여름 The Summer
873,지금 여기가 맨 앞
874,피너츠
875,"일론 머스크, 미래의 설계자"
876,라틴어 수업
877,슈퍼제너럴리스트
878,그럼에도 작가로 살겠다면
879,누가 나를 쓸모없게 만드는가
880,프리즘오브 PRISMOf 6호: 다크 나이트(The Dark Knight)
881,수잔 이펙트
882,배추가 돌아왔다
883,조각가
884,내 문장이 그렇게 이상한가요?
885,오뒷세이아
886,모르는 사람들
887,예감은 틀리지 않는다
888,오리진 : 세상 모든 것의 기원 1. 보온
889,불가능의 예술
890,책으로 천년을 사는 방법
891,시모어 번스타인의 말
892,나는 세상을 어떻게 보는가
893,차나 한 잔
894,편애하는 인간
895,인연
896,벤야멘타 하인학교
897,울기엔 좀 애매한
898,운수 좋은 날
899,날개
900,지하로부터의 수기
901,로지컬 씽킹
902,"니체, 영원회귀와 차이의 철학"
903,글쓰기의 최전선
904,쓰기의 말들
905,운다고 달라지는 일은 아무것도 없겠지만
906,여중생A
907,칼의 노래
908,멋진 신세계
909,수학 귀신
910,무진기행 「김승옥」
911,소나기
912,타나토노트
913,톨스토이 단편선
914,구해줘
915,공중그네
916,11분
917,어린 왕자
918,브람스를 좋아하세요...
919,구관조 씻기기
920,남자들은 자꾸 나를 가르치려 든다
921,황금 물고기
922,좀머 씨 이야기
923,우리들의 일그러진 영웅
924,초역 니체의 말
925,소피의 세계
926,향수
927,지금 알고 있는 걸 그때도 알았더라면
928,쥐
929,무의미의 축제
930,섬
931,"한 달 후, 일 년 후"
932,슬픔이여 안녕
933,찰리 브라운과 함께한 내 인생
934,가시고기
935,"당신, 거기 있어 줄래요?"
936,네 안에 잠든 거인을 깨워라
937,오륜서
938,국물 있사옵니다
939,로마사 논고
940,군주론
941,"빈, 비트겐슈타인, 그 세기말의 풍경"
942,모랫말 아이들
943,사람의 목소리는 빛보다 멀리 간다
944,허삼관 매혈기
945,깊이에의 강요
946,필경사 바틀비
947,"9등급 꼴찌, 1년 만에 통역사 된 비법"
948,말
949,선과 모터사이클 관리술
950,안녕 돈키호테
951,밤이 선생이다
952,1만 시간의 재발견
953,감옥으로부터의 사색
954,탈서구중심주의는 가능한가 : 서구중심주의에 대한 우리 학문의 이론적 대응
955,정의를 부탁해
956,데뷔의 순간
957,기사의 편지
958,햄릿
959,죽음의 수용소에서
960,뒷모습
961,에고라는 적
962,소프트웨어 객체의 생애 주기
963,수인
964,새벽의 약속
965,새들은 페루에 가서 죽다
966,어제의 세계
967,동사의 맛
968,엄마를 부탁해
969,성균관 유생들의 나날
970,입 속의 검은 잎
971,우리는 사랑일까
972,정의란 무엇인가
973,사랑의 기술
974,왜 나는 너를 사랑하는가
975,쇼코의 미소
976,코끼리는 생각하지 마
977,자기 앞의 생
978,스밀라의 눈에 대한 감각
979,나무
980,동물농장
981,죽은 왕녀를 위한 파반느
982,파이 이야기
983,"베로니카, 죽기로 결심하다"
984,갈매기의 꿈
985,체스 이야기.낯선 여인의 편지
986,몽고반점
987,유럽의 교육
988,화장
989,강산무진
990,희지의 세계
991,82년생 김지영
992,계속해보겠습니다
993,지적자본론
994,허클베리 핀의 모험
995,부의 추월차선
996,내 젊은 날의 숲
997,개념어 사전
998,공무도하
999,프랑켄슈타인
1000,로지코믹스
1001,부의 추월차선 - 직장인 편
1002,낭만적 연애와 그 후의 일상
1003,철학자와 늑대
1004,또라이들의 시대
1005,맨박스
1006,바다 사이 등대
1007,시간의 향기
1008,파리의 우울
1009,콰이어트 Quiet
1010,나음보다 다름
1011,너무 한낮의 연애
1012,에로스의 종말
1013,초판본 악의 꽃
1014,메모 습관의 힘
1015,정확한 사랑의 실험
1016,아름다움의 구원
1017,남한산성
1018,진정성이라는 거짓말
1019,한국이 싫어서
1020,불안
1021,대통령의 글쓰기
1022,아름답고 쓸모없기를
1023,뜨거운 피
1024,나는 가해자의 엄마입니다
1025,어스시의 마법사
1026,1219 끝이 시작이다
1027,피에로들의 집
1028,그 쇳물 쓰지 마라
1029,닥치는 대로 끌리는 대로 오직 재미있게 이동진 독서법
1030,유배지에서 보낸 편지
1031,통계가 빨라지는 수학력
1032,그 많던 싱아는 누가 다 먹었을까
1033,오만과 편견
1034,칭찬은 고래도 춤추게 한다
1035,화
1036,야생초 편지
1037,이윤기의 그리스 로마 신화
1038,참을 수 없는 존재의 가벼움
1039,상대적이며 절대적인 지식의 백과사전
1040,연금술사
1041,그리스인 조르바
1042,개미
1043,우리들의 행복한 시간
1044,누가 내 치즈를 옮겼을까?
1045,피로사회
1046,아프니까 청춘이다
1047,호밀밭의 파수꾼
1048,호모 데우스
1049,데미안
1050,마시멜로 이야기
1051,인간 실격
1052,"파인만 씨, 농담도 잘하시네!"
1053,사랑하라 한번도 상처받지 않은 것처럼
6163,인간실격
6164,물고기는 존재하지 않는다
6165,어둠에서 벗어나기
6166,위험한 과학책
6167,"헛간, 불태우다"
6168,살로메
6169,오민혁 단편선 화점
6170,오류가 발생했습니다
6171,환송대
6172,사랑은 왜 끝나나
6173,트랜스휴머니즘
6174,슬픔의 위안
6175,모든 일은 결국 벌어진다
6176,바람의 열두 방향
6177,철학의 이단자들
6178,어메이징 필로소피
6179,얼굴 없는 인간
6180,WWW HR Giger Com
6181,충실한 마음
6182,여자들은 자꾸 같은 질문을 받는다
6183,한 남자의 그림자
6184,우르비캉드의 광기
6185,밝은 밤
6186,작별하지 않는다
6187,줄리 아씨
6188,포기한 작업으로부터
6189,지구를 위한다는 착각
6190,알지 못하는 모든 신들에게
6191,긴긴밤
6192,대혼란의 시대
6193,그늘의 발달
6194,"빌 게이츠, 기후재앙을 피하는 법"
6195,기술복제시대의 예술작품 / 사진의 작은 역사 외
6196,개소리에 대하여
6197,모두가 나의 아들
6198,사랑 예찬
6199,보이지 않는 국경선
6200,모순
6201,기담
6202,메리 벤투라와 아홉 번째 왕국
6203,잠수종과 나비
6204,신은 주사위 놀이를 하지 않는다
6205,죽음의 선고
6206,도련님
6207,일방통행로 / 사유이미지
6208,힌트 없음
6209,신의 아이
6210,모두를 위한 페미니즘
6211,기울어진 아이
6213,가윈 경과 녹색기사
6214,술과 농담
6215,홀
6216,새
6217,빨강의 자서전
6218,영화를 보러 다니는 평범한 남자
6220,"리오타르, 왜 철학을 하는가?"
6221,추락
6222,의식의 강
6223,아침 그리고 저녁
6224,고마운 마음
6225,장소와 경험
6226,금테 안경
6227,해피 데이스
6228,암송
6229,위를 봐요!
6230,레트로토피아
6231,맥베스
6232,리어 왕
6233,밤의 여행자들
6234,12월 10일
6235,핑크
6236,사랑에 관하여
6237,캉탕
6238,구로사와 아키라 자서전 비슷한 것
6239,침묵의 세계
6240,아침의 피아노
6241,빈자의 미학
6242,문체 연습
6243,천 개의 파랑
6244,나는 울 때마다 엄마 얼굴이 된다
6245,스크린의 추방자들
6246,평균 연령 60세 사와무라 씨 댁의 이런 하루
6247,울분
6248,청중
6249,제주에서 혼자 살고 술은 약해요
6250,몰락의 에티카
6251,두근두근 내 인생
6252,환상의 밤
6253,필로
6254,바깥은 여름
6255,소소한 사건들
6256,모비 딕
6257,지구만큼 슬펐다고 한다
6258,화염
6259,숨쉬는 무덤
6260,폴리나
6261,비상과 환상
6263,죽음의 부정
6264,"알랭 바디우, 오늘의 포르노그래피"
6265,부루마불에 평양이 있다면
6266,법 앞에서
6267,펀 홈 : 가족 희비극
6268,걸리버 여행기
6270,괴담 찌르기
6271,불과 나의 자서전
6272,펠리시아의 여정
6273,색채 속을 걷는 사람
6274,빛의 과거
6275,처음 만나는 돈 키호테
6276,리버스 에지 River’s Edge
6277,헬싱
6278,불안한 사람들
6279,오베라는 남자
6280,창문 넘어 도망친 100세 노인
6281,못 속에는 못 속이는 이야기
6282,달까지 가자
6283,당신 집에서 잘 수 있나요?
6285,스마트한 연애사용법
6286,미야자키 하야오 출발점 1979∼1996
6287,콧물끼리
6288,신
6289,데이빗 린치의 빨간방
6290,아우스터리츠
6291,아주 편안한 죽음
6292,한 줄도 너를 잊지 못했다
6293,꿈
6294,이 집에서 슬픔은 안 된다
6295,천국에서 만난 다섯 사람
6297,"천사여, 고향을 보라"
6298,죽음의 엘레지
6299,아내의 빈 방
6300,가족의 죽음
6301,사라진 재의 아이
6302,슬픔이 없는 십오 초
6303,유토피아니즘
6304,나를 보는 당신을 바라보았다
6305,인간 속의 악마
6306,힘이 정의다
6307,칼 라르손
6308,우리는 매일매일
6309,지옥별 레미나
6310,이름 붙일 수 없는 자
6311,인터내셔널의 밤
6312,화이트 호스
6313,트릭 미러
6314,지상의 노래
6315,이제야 언니에게
6316,당신의 첫
6317,"빌어먹을, 차가운 심장"
6318,트라우마 사전
6319,이별의 능력
6320,듣고 말하는 사람들을 위한 농아에 대한 편지
6321,디너
6322,아름다웠던 사람의 이름은 혼자
6324,마의 파편
6325,악의 교전
6326,영화와 시
6327,서랍에 저녁을 넣어 두었다
6328,작은 겁쟁이 겁쟁이 새로운 파티
6329,백야의 소문으로 영원히
6330,해보지 않으면 알 수 없어서
6332,애도 일기
6333,페미니즘의 주제들
6334,산책과 연애
6335,야성의 부름
6336,나쁜 친구
6337,개의 심장
6338,지옥에서 보낸 한철
6339,시네마토그래프에 대한 단상
6340,은는이가
6341,사랑의 이해
6342,숨
6343,시차의 눈을 달랜다
6344,고양이의 아침
6345,로봇도 사랑을 할까
6346,앨저넌에게 꽃을
6347,블러드차일드
6348,"아버지는 나를 처제, 하고 불렀다"
6349,로봇
6350,갈라테아 2.2
6351,유동하는 공포
6352,연애와 술
6353,끈이론
6354,사람의 아이들
6355,영화를 찍으며 생각한 것
6356,아네모네
6357,"콤플렉스의 탄생, 어머니 콤플렉스 아버지 콤플렉스"
6358,GV 빌런 고태경
6359,훔쳐가는 노래
6360,사계절 이야기
6361,내가 말하고 있잖아
6362,"세속적 영화, 세속적 비평"
6363,담배와 영화
6364,산책자
6365,이렇게 될 줄 몰랐습니다
6366,우리의 대화는 이런 것입니다
6367,너의 알다가도 모를 마음
6368,시와 산책
6369,가재미
6370,내가 사모하는 일에 무슨 끝이 있나요
6371,조이와의 키스
6372,세계의 호수
6373,당신은 더 좋은 회사를 다닐 자격이 있다
6374,"나, 소시오패스"
6375,피아노 치는 여자
6376,거짓에 관한 진실
6379,도박묵시록 카이지
6380,하녀들
6381,상처받지 않는 영혼
6382,브래드 할리의 마차
6383,새벽 세 시의 사자 한 마리
6384,꽃이 없는 장미
6385,미지의 걸작
6386,의심에 대한 옹호
6387,헤테로토피아
6388,우주인 세트 - 전2권
6389,곱세크
6390,신 신 DIEU DIEU
6391,이토준지 자선 걸작집
6392,악성 나르시시스트와 그 희생자들
6393,절망
6394,마술 가게
6395,사브리나
6396,운명
6397,9번의 일
6398,출동! 119구조대
6399,검은색
6400,헬로 아메리카
6401,유토피아 실험
6402,새들의 꿈에서는 나무 냄새가 난다
6403,보이지 않는 영화
6404,나무 위의 남작
6405,페터 슐레밀의 기이한 이야기
6406,상자인간
6407,앙팡 떼리블
6408,모스크바의 신사
6409,독감
6410,도둑맞은 편지
6411,바이러스 쇼크
6412,태초에 사랑이 있었다
6413,바이러스와 감염증
6414,야간 비행 / 남방 우편기
6415,지복의 성자
6416,용서하다
6417,드래곤 헤드
6419,성소녀
6420,이 모든 것은 무엇을 의미하는가?
6421,불가능
6422,구토
6423,syzygy
6424,모든 요일의 여행
6425,하늘의 푸른빛
6426,상상하기 어려운 존재에 관한 책
6427,사물들
6428,정키
6429,신이 절대로 답할 수 없는 몇 가지
6430,최선은 그런 것이에요
6431,누운 배
6432,한니발 라이징
6433,크림슨의 미궁
6434,크눌프
6435,실종 일기
6436,깨끗하고 밝은 곳
6437,버드 박스
6439,대도시의 사랑법
6440,코언 형제
6441,박찬욱의 몽타주
6442,모데라토 칸타빌레
6443,어젯밤
6444,일상의 광기에 대한 이야기 - 그 첫번째
6445,인 콜드 블러드
6446,자아의 초월성
6447,도시의 시간
6448,편의점 인간
6449,흉가
6450,타이터스 앤드러니커스
6451,케빈에 대하여
6452,라이터 좀 빌립시다
6454,방랑자들
6455,태고의 시간들
6456,참 괜찮은 눈이 온다
6457,어두운 밤 나는 적막한 집을 나섰다
6458,긴 이별을 위한 짧은 편지
6459,노라
6460,페널티킥 앞에 선 골키퍼의 불안
6461,양들의 침묵
6462,너는 갔어야 했다
6463,인간증발
6464,빙점
6465,시련
6466,불안의 책
6467,빅 슬립
6468,자기만의 방
6469,평범했던 그는 왜 범죄자가 되었을까
6470,성
6471,이것은 물이다
6472,암살자닷컴
6473,오이디푸스 왕 외
6474,예술 분과로서의 살인
6475,아무도 아닌
6476,구의 증명
6477,그 여름의 끝
6478,아우라
6479,뒹구는 돌은 언제 잠 깨는가
6480,폭력이란 무엇인가
6481,적
6482,어디로 갔을까 나의 한쪽은
6483,살인자들과의 인터뷰
6484,내가 너에게 절대로 말하지 않는 것들
6485,에드거 앨런 포 단편선
6486,타인은 지옥이다
6487,인셉션 : 슈팅 스크립트
6489,작은 공주 세라
6490,왜 나만 우울한 걸까?
6491,소울 반띵
6493,죽고 싶은데 살고 싶다
6495,장난감 수리공
6496,범인 없는 살인의 밤
6497,아오이가든
6498,불과 글
6499,내가 싸우듯이
6500,가면의 고백
6502,초역 니체의 말 2
6503,영리
6504,영화 마케팅 비즈니스
6506,괴물의 심연
6507,팽이
6508,소설가 구보씨의 일일
6509,갈림길
6510,26년
6511,정신병동 이야기
6512,"문화, 세상을 콜라주하다"
6513,대리사회
6514,나이트 워치
6515,토니와 수잔 (영화 포스터 표지)
6516,내게 무해한 사람
6517,타인의 얼굴
6519,딸에 대하여
6520,북숍 스토리
6522,조제와 호랑이와 물고기들
6523,연쇄 살인마 개구리 남자
6524,창백한 불꽃
6525,톰 소여의 모험
6526,바람의 딸 걸어서 지구 세바퀴 반
6527,나는 형제들에게 전화를 거네
6528,라면을 끓이며
6529,총몽
6530,사채꾼 우시지마
6531,"김아타, 인디아 스케치"
6532,"김아타, 뉴욕 스케치"
6533,Atta Kim : ON-AIR
6534,시민의 불복종
6535,저녁의 구애
6536,진중권의 미학 오디세이 3
6537,진중권의 미학 오디세이 2
6539,아내를 모자로 착각한 남자
6542,타이거! 타이거!
6543,프로테스탄트 윤리와 자본주의 정신
6544,뤼미에르 피플
6545,나는 입이 없다 그리고 나는 비명을 질러야 한다
6546,정치와 도덕을 말하다
6547,별에서 온 아이
6548,빛과 물질에 관한 이론
6549,세상의 바보들에게 웃으면서 화내는 방법
6550,소멸세계
6551,해가 지는 곳으로
6552,죽여 마땅한 사람들
6553,우체국
6555,지금 우리 학교는
6556,실존주의는 휴머니즘이다
6557,백년을 살아보니
6558,네 이웃의 식탁
6559,체호프 단편선
6560,빛의 호위
6561,살인자의 건강법
6562,뱀과 물
6563,선셋 리미티드
6564,열대야
6565,하워드 필립스 러브크래프트
6566,야시
6569,당신 인생의 이야기
6570,ZOO
6571,괜찮은 사람
6573,살인출산
6574,정글북
6575,연애의 기억
6577,자발적 복종
6578,밝은 방
6579,러브 레플리카
6580,이유
6581,다른 사람
6582,잔혹함에 대하여
6583,픽션들
6584,마쓰모토 세이초 걸작 단편 컬렉션 - 상
6585,내용 없는 인간
6586,아임 소리 마마
6587,사피엔스
6588,제5도살장
6590,대성당
6591,불온한 검은 피
6592,누구
6593,집행인의 귀향
6594,아웃
6595,사회계약론
6596,안녕 주정뱅이
6597,언젠가 세상은 영화가 될 것이다
6599,이방인
6600,랜트
6602,순간의 꽃
6603,스토리텔링의 비밀
6605,잔학기
6606,해뜨기 전이 가장 어둡다
6607,다섯째 아이
6608,살육에 이르는 병
6609,모래의 여자
6610,에브리맨
6611,유토피아
6612,소송
6613,담론
6614,좀비
6615,비둘기
6616,피프티 피플
6617,거미여인의 키스
6618,적의 화장법
6619,"스물아홉 생일, 1년 후 죽기로 결심했다"
6620,투명사회
6622,눈물은 힘이 세다
6623,독재자
6624,사랑을 선택하는 특별한 기준
6625,당신 옆을 스쳐간 그 소녀의 이름은
6626,1984
6628,아름다운 애너벨 리 싸늘하게 죽다
6629,공포정치
6632,야경
6633,고흐가 왜 귀를 잘랐는지 아는가
6634,바람의 노래를 들어라
6635,죽음의 중지
6636,노르웨이의 숲
6637,하늘과 바람과 별과 시
6639,굿바이 동물원
6640,묘한 이야기
6641,댓글부대
6642,표백
6643,몰락하는 자
6644,Story 시나리오 어떻게 쓸 것인가
6645,돈키호테
6646,사진에 관하여
6647,파피용
6648,옥수수와 나
6650,글쓰기의 전략
6651,사진예술개론
6652,3막의 비밀
6653,세 명의 사기꾼
6654,설국
6656,그가 돌아왔다
6657,군중심리
6658,두 도시 이야기
6659,무솔리니·나의 자서전
6660,생각에 관한 생각
6661,할리우드에서 성공한 시나리오작가들의 101가지 습관
6662,한국의 영화감독 7인을 말하다 1
6663,우리가 묻어버린 것들
6664,우리 안의 파시즘
6665,그로테스크
6666,헤드헌터
6667,열외인종 잔혹사
6668,꿈의 해석
6669,울
6670,생각의 탄생
6671,내 이름은 빨강
6672,수레바퀴 아래서
6675,"국경의 남쪽, 태양의 서쪽"
6676,앤디 워홀 정신
6677,세상에서 가장 아름다운 이별
6678,축제
6679,인간의 증명
6681,유혹하는 글쓰기
6682,한 스푼의 시간
6683,"U, Robot 유, 로봇"
6684,무슨 일이 일어났는지는 아무도
6686,삼국지
6687,위대한 개츠비
6690,눈먼 자들의 도시
6691,카인
6692,쇼펜하우어 문장론
6693,알바생 자르기 Fired
6694,"열광금지, 에바로드"
6697,2016 제7회 젊은작가상 수상작품집
6698,우리의 소원은 전쟁
6699,생쥐와 인간
6701,모던 하트
6703,돈으로 살 수 없는 것들
6704,도플갱어
6705,고도를 기다리며
6706,콘트라바스
6707,어떻게 죽을 것인가
6708,변신.시골의사
6709,구운몽
6710,시뮬라시옹
6711,로드
6712,빅 픽처
6713,나비
6714,예지몽
6715,GTO 반항하지마
6716,꺼벙이 만화일기
6717,거장의 노트를 훔치다
6718,젊은 베르테르의 슬픔
6719,사진철학의 풍경들
6720,영화 이해의 길잡이
6721,파우스트
6722,연을 쫓는 아이
6723,호문쿨루스
6724,연놈
6725,브릿지
6726,최유기 1
6727,우에키의 법칙
6728,탐정학원 Q
6729,개그만화 보기 좋은날
6730,유레카
6731,원조! 괴짜가족 27
6732,만화 삼국지
6733,힙합
6734,에어기어 Airgear
6735,따끈 따끈 베이커리
6736,도라에몽
6737,미스터 초밥왕 전국대회편
6738,소년탐정 김전일 2부
6739,미스터 초밥왕
6740,새벽 거리에서
6741,묘진전
6742,"발터 벤야민, 사진에 대하여"
6743,최민식
6744,외젠 앗제
6745,라이언 맥긴리 컬렉션 : 바람을 부르는 휘파람
6746,키친
6747,마지막 잎새
6748,오두막
6749,눈뜬 자들의 도시
6750,개더링
6751,창조적으로 이미지를 보는 법
6752,좋은 사진을 만드는 정승익의 사진 구도
6753,사진 기술개론  -사진. photo -
6754,대학일기
6755,카페타 Capeta 1
6756,사상최강의 제자 켄이치 1 31
6757,금요일
6758,모르는 척
6759,꿈이었을까
6760,놀이와 예술 그리고 상상력
6761,인간 없는 세상
6762,뒤마 클럽
6763,리버 보이
6764,진중권의 미학 오디세이 1
6765,메밀꽃 필 무렵
6766,우동 한 그릇
6767,돌아온 진돗개 백구
6768,도라에몽 플러스
6769,사이코닥터 카이 쿄오스케
6770,유유백서
6771,마왕
6772,천랑열전
6773,사도 Sado
6774,홀리랜드
6775,고구려
6776,천년의 금서
6778,등대지기
6779,꾸뻬 씨의 행복 여행
6780,내 영혼이 따뜻했던 날들
6781,연탄길
6782,다크 메이지
6783,사랑 후에 오는 것들
6784,시크릿
6785,슬램덩크
6786,우당탕탕 괴짜가족
6787,죽는 남자
6788,이끼
6789,강철의 연금술사
6790,금색의 갓슈!!
6791,기생수 애장판
6792,명탐정 코난
6793,헌터x헌터 HunterXHunter
6794,더 파이팅 The Fighting
6795,바람의 검심
6796,전략 삼국지
6797,드래곤 볼
6798,이웃 사람
6799,타이밍
6800,마녀
6801,무빙
6802,3단합체 김창남
6803,오렌지 마말레이드
6804,방과 후 전쟁활동
6805,삼봉이발소
6806,갓 오브 하이스쿨
6807,아파트
6808,베르세르크
6809,은과 금
6810,진격의 거인
6811,2013 마음의 소리 Ver.1
6812,송곳
6814,미생 시즌1
6815,열혈강호
6816,헬퍼 Hellper
6817,20세기 소년
6818,몬스터
6819,블리치
6820,이키가미
6821,히스토리에 Historie
6822,엘리트 건달
6823,블랙 캣 Black Cat
6824,토미에 PART 소이치의 일기
6825,프리스트
6826,제트맨 Zetman
6827,크레용 신짱
6828,후레자식
6829,조선왕조실톡
6830,투명한 동거
6831,교수인형
6832,문유
6833,바보
6834,노블레스 Noblesse
6835,패션왕
6836,그대를 사랑합니다
6837,치즈 인 더 트랩
6838,선천적 얼간이들
6839,안나라수마나라
6840,키드갱
6841,딸기 100% 17
6842,꼭두각시 서커스
6843,디 그레이 맨
6844,라이어 게임
6845,클레이모어 Claymore 12 3 15 18 19
6846,벡 Beck
6847,사무라이 디퍼 쿄우
6848,나우 Now
6849,간츠 Gantz
6850,워스트 Worst 1
6851,원펀맨 One Punch Man
6852,겟 백커스 2 39
6853,테니스의 왕자 1
6854,아이실드21
6855,배틀로얄
6856,가시나무 왕
6857,소년표류 EX
6858,샤먼킹
6859,가정교사 히트맨 리본!
6860,은혼
6861,배가본드
6862,아일랜드
6863,피안도
6864,짱
6865,소년탐정 김전일
6866,한마 바키
6867,암스 Arms 완전판
6868,빌리 배트
6869,신 암행어사
6870,남과 여 1
6871,2010 마음의 소리 Ver.2
6873,광장/구운몽
6874,셜록 홈즈 전집
6875,파페포포 안단테
6876,백설공주에게 죽음을
6877,파페포포 다이어리
6878,창가의 토토
6879,화성에서 온 남자 금성에서 온 여자
6880,안네의 일기
6881,봉순이 언니
6882,괭이부리말 아이들
6883,완득이
6887,난장이가 쏘아올린 작은 공
6890,사랑하기 때문에
6891,꿈꾸는 다락방
6892,국화꽃 향기
6893,공포의 물고기
6894,실질객관동화
6895,당신의 모든 순간
6897,나루토 Naruto
6898,데스 노트 Death Note
6899,원피스
6900,마음의 소리
6901,순정만화
6902,어게인
6903,목욕의 신
6905,"알래스카, 바람 같은 이야기"
6906,아낌없이 주는 나무
6907,김지운의 숏컷
6908,류승완의 본색
6909,탈무드
6910,아홉살 인생
6911,만화로 보는 그리스 로마 신화
6912,나의 라임 오렌지나무
6914,2012 마음의 소리 Ver.1
6915,노블레스
6916,은밀하게 위대하게
6917,글쓰기의 공중부양
6918,최후의 경전
6922,뇌
6923,무궁화 꽃이 피었습니다
6924,천사와 악마
6925,해리 포터와 아즈카반의 죄수
6926,해리 포터와 불의 잔
6927,해리 포터와 마법사의 돌
6928,해리 포터와 비밀의 방
6929,박찬욱의 오마주
6930,하악하악
6931,오체 불만족
6932,드래곤 라자
6933,소용돌이 합본판
1126,한 게으른 시인의 이야기
1127,야간 경비원의 일기
1128,노멀 피플
1129,살림 비용
1130,잘돼가? 무엇이든
1132,어린이라는 세계
1133,최선의 삶
1134,"땡스 갓, 잇츠 프라이데이"
1135,레몬
1136,"아무튼, 예능"
1137,지극히 문학적인 취향
1138,맥스 테그마크의 라이프 3.0
1139,채식주의자
1140,이기적 유전자
1141,아메리카나
1142,사신 치바
1144,기억 전달자
1145,화차
1146,종이달
1147,여성 혐오를 혐오한다
1149,우리는 모두 페미니스트가 되어야 합니다
1150,"안녕하세요, 하느님? 저 마거릿이에요"
1155,속죄
1157,어른이 되어 더 큰 혼란이 시작되었다
1159,모래 사나이
1160,안드로이드는 전기양의 꿈을 꾸는가?
2664,직업으로서의 소설가
2665,노동자의 시간은 저절로 흐르지 않는다
2666,무엇을 위해 살죠?
2667,겨울새
2668,겨울로 가는 마차
2669,상관없는 거 아닌가?
2670,여자도 군대 가라는 말
2671,김연아의 7분 드라마
2672,썅년의 미학
2673,뉴스 영어의 결정적 표현들
2674,나의 미친 페미니스트 여자친구
2675,엄마는 되지 않기로 했습니다
2676,함께 걸어갈 사람이 생겼습니다
2677,부모 잠언
2678,어차피 내 마음입니다
2679,새로운 가난이 온다
2680,스노우캣의 내가 운전요정이다
2681,낢이 사는 이야기
2682,빈곤을 보는 눈
2683,스노우캣의 내가 운전을 한다
2684,상처
2685,나 안 괜찮아
2686,좀비 마더
2687,다른시선
2689,친절하게 웃어주면 결혼까지 생각하는 남자들
2690,부기영화
2691,법륜 스님의 행복
2692,클락 댄스
2693,하마터면 열심히 살 뻔했다
2694,휴먼카인드
2695,나의 친애하는 적
2696,"안녕, 언젠가"
2697,"빨강머리 앤이 하는 말 (스페셜 에디션, 양장)"
2698,다시는 그전으로 돌아가지 않을 것이다
2699,날씨가 좋으면 찾아가겠어요
2700,성적 동의
2701,구백구 상담소
2702,생각이 많아서 찾아왔습니다
2703,셰익스피어 일러스트 소극장
2704,내가 말해 줄게요
2705,돼지책
2706,걱정을 잘라드립니다
2707,이 지옥을 살아가는 거야
2708,레이디 크레딧
2709,평범히 살고 싶어 열심히 살고 있다
2710,Kate Greenaway의 작은 아씨들
2711,애쓰지 않고 편안하게
2712,존리의 부자되기 습관
2713,2억 빚을 진 내게 우주님이 가르쳐준 운이 풀리는 말버릇
2714,살고 싶다는 농담
2715,앨피가 일등이에요
2717,빨간 모자
2719,에드워드 툴레인의 신기한 여행
2720,책은 도끼다
2723,말버릇 마음버릇 몸버릇
2724,할 말은 하면서 무시당하지 않는 기술
2725,난생 처음 한번 들어보는 클래식 수업
2726,당신이 보고 싶은 영화는 영화관에 없다
2727,고래
2728,개천에서 용 나면 안 된다
2729,내 식탁 위의 책들
2730,모자 사세요!
2733,개인주의자 선언
2734,쓸 만한 인간
2735,썰전 : 독한 혀들의 전쟁
2736,그것이 알고 싶다
2737,사회적 엄마의 사랑법
2738,"비혼입니다만, 그게 어쨌다구요?!"
2739,타인의 시선을 의식해 힘든 나에게
2740,한국이 낯설어질 때 서점에 갑니다
2741,나나 NANA
2742,"정말 미안하지만, 나는 아무렇지도 않았다"
2744,팩트풀니스
2745,나는 내일을 기다리지 않는다
2746,환장할 우리 가족
2747,결혼 고발
2748,죽고 싶지만 떡볶이는 먹고 싶어
2749,나이 든 부모와는 왜 사사건건 부딪힐까
2750,해리
2751,오늘도 남의 눈치를 보았습니다
2752,"그러니까, 존중 성교육"
2753,페미니즘 탐구 생활
2754,"박막례, 이대로 죽을 순 없다"
2755,결혼과 육아의 사회학
2756,만화로 보는 성차별의 역사
2757,딱 1년만 옷 안 사고 살아보기
2759,공부 집중력 확 높이는 우리 아이 게임절제력
2760,길 하나 건너면 벼랑 끝
2761,진짜 기본 요리책
2762,심리학 도감
2763,나는 아기 캐리어가 아닙니다
2764,내가 본 것을 당신도 볼 수 있다면
2765,출근길의 주문
2766,모든 동물은 섹스 후 우울해진다
2768,엄마 심리 수업
2769,괜찮으니까 힘내라고 하지 마
2770,종의 기원
2771,다른 게 아니라 틀린 겁니다
2772,제멋대로 함선 디오티마
2773,탐구생활
2775,사랑해서 때린다는 말
2776,평등은 개뿔
2778,보건교사 안은영
2779,"뉴욕, 매혹당할 확률 104%"
2780,"최고의 글쓰기 연습법, 베껴쓰기"
2781,악어 프로젝트
2782,"저는 남자고, 페미니스트입니다"
2783,며느리 사표
2784,오늘부터 진짜 부부
2785,우리는 차별하기 위해 태어났다
2786,마흔이 되어버렸는걸
2787,이게 다 엄마 때문이다
2788,고전적이지 않은 고전 읽기
2789,공효진의 공책
2790,웰컴 나래바!
2791,"야단법석 그 두 번째  - 지금, 여기서 행복하라"
2792,야단법석
2793,나는 태어나자마자 속기 시작했다
2794,독이 되는 부모
2795,강아지똥
2796,차근차근 초등영어 교과서 미리쓰기
2798,니 부모 얼굴이 보고싶다
2799,영문학 스캔들
2800,오빠가 허락한 페미니즘
2802,빌어먹을 세상 따위
2803,욱하는 나를 멈추고 싶다
2804,세계에서 빈곤을 없애는 30가지 방법
2805,"덤벼라, 빈곤"
2806,가능한 꿈의 공간들
2807,퇴근길엔 카프카를
2808,월요일의 그녀에게
2809,사람은 왜 살인자가 되는가
2810,그 남자는 왜 이상해졌을까?
2811,절대빈곤
2812,거의 정반대의 행복
2813,어쿠스틱 라이프
2814,6년 반 만에 남친이 생겼습니다
2815,아이를 잘 키운다는 것
2816,생각은 날마다 나를 새롭게 한다
2817,정치는 잘 모르는데요
2818,하나도 괜찮지 않습니다
2819,타샤의 돌하우스
2820,타샤의 말
2821,나한테 왜 그래요?
2822,마담
2823,왕과 처녀
2824,백래시
2825,말 그릇
2826,지각대장 존
2827,그것은 사랑이 아니다
2828,싸울 때마다 투명해진다
2829,이기적 섹스
2830,엄마의 말하기 연습
2831,그건 혐오예요
2832,뭘 해도 되는 사람
2833,선 긋기의 기술
2834,만만하게 보이지 않는 대화법
2835,사랑해야 하는 딸들
2836,양성평등에 반대한다
2838,우리에겐 언어가 필요하다
2839,무례한 사람에게 웃으며 대처하는 법
2840,신경 끄기의 기술
2841,세계는 왜 싸우는가?
2842,길 위의 아이들
2843,검사님의 속사정
2844,센스 앤 센서빌러티
2845,굿모닝 예루살렘
2846,영어책 한 권 외워봤니?
2847,엔젤전설
2848,"그럼에도, 페미니즘"
2849,프로불편러 일기
2850,웬즈데이
2851,브리지 파트너
2852,불평 없이 살아보기
2853,절망은 나의 힘
2854,심리학 테라피
2855,불안한 엄마 무관심한 아빠
2856,부모라면 유대인처럼
2857,페미니즘의 도전
2858,남자를 위하여
2859,오직 두 사람
2861,초판본 피터 래빗 이야기 2
2862,초판본 피터 래빗 이야기
2863,"김범수, 나는 미남이다"
2864,셰익스피어 사랑학
2865,어머니들에게 드리는 글
2866,쓰고 읽다
2867,세상 밖으로 나온 심리학
2868,병신 같지만 멋지게
2869,글쓰기 필수 비타민 50
2870,작가의 문장수업
2871,나쁜 페미니스트
2874,따뜻한 카리스마
2875,나는 착한 딸을 그만두기로 했다
2876,"엄마, 내가 알아서 할게"
2877,시네필 다이어리
2878,정여울의 문학 멘토링
2879,여자들
2880,장정일의
2881,나는 빠리의 택시운전사
2882,쎄느강은 좌우를 나누고 한강은 남북을 가른다
2883,영혼을 위한 닭고기 수프
2885,"오기사, 행복을 찾아 바르셀로나로 떠나다"
2886,독서는 절대 나를 배신하지 않는다
2888,은하계 최초 잡놈 김어준 평전
2889,불편해도 괜찮아
2890,엄마 수업
2891,스님의 주례사
2892,방황해도 괜찮아
2893,무소유
2894,"스페인, 너는 자유다"
2895,태양의 여행자
2896,1등만 기억하는 더러운 세상
2897,서른다섯의 사춘기
2898,4001
2899,왜 세계의 절반은 굶주리는가?
2900,확신의 함정
2901,학교란 무엇인가
2902,불안증폭사회
2903,레가토
2904,나는 더 이상 당신의 가족이 아니다
2905,코
2908,존재의 세 가지 거짓말
2909,마지막 수업
2911,검은 고양이
2913,사람풍경
2914,세월
2915,천 개의 공감
2916,시네마 경제학
2917,김미화의 웃기고 자빠졌네
2918,인생학교 | 섹스
2919,헌법의 풍경
2920,엉터리 심리학
2921,너도 보이니?
2922,관계 파괴자
2923,책그림책
2924,내가 사랑하는 클래식
2925,박종호에게 오페라를 묻다
2926,조윤범의 파워 클래식
2927,굴비낚시
2928,이동진의 시네마 레터
2929,그들이 사는 세상
2930,필름 속을 걷다
2931,이상 : 날개 Wings
2932,그것은 꿈이었을까
2933,잽
2934,"달려라, 아비"
2935,오래된 정원
2936,기차는 7시에 떠나네
2937,"꾿빠이, 이상"
2938,B사감과 러브레터 / 운수 좋은 날 외
2939,젊은 느티나무
2940,셰익스피어 4대 비극
2941,오빠가 돌아왔다
2942,수난이대 「하근찬」
2943,봄.봄 「김유정」
2945,J 이야기
2946,바이올렛
2947,풍금이 있던 자리
2948,딸기밭
2949,깊은 슬픔
2950,신경숙 : 풍금이 있던 자리 The Place Where the Harmonium Was
2951,생활의 참견
2952,아인슈타인의 꿈
2953,윈터스쿨
2954,버티는 삶에 관하여
2955,개포동 김갑수씨의 사정
2957,그 남자 그 여자
2958,마음이 예뻐지는 내 영혼의 비타민
2959,소중한 사람에게 주는 내 영혼의 비타민
2960,20대에 하지 않으면 안될 50가지
2961,40대에 하지 않으면 안될 50가지
2962,나카타니 아키히로의 행복어 사전
2964,사각사각
2966,포엠툰
2967,시가테라
2968,Let's Go!! 이나중 탁구부
2969,언플러그드 보이
2970,아키라 AKIRA
2971,엠마
2972,최종 병기 그녀
2973,보노보노
2974,수짱의 연애
2975,서양골동양과자점
2976,삐리리~ 불어봐! 재규어
2977,마조 앤 새디
2978,아무래도 싫은 사람
2979,결혼하지 않아도 괜찮을까?
2980,와라! 편의점
2981,아즈망가 대왕
2983,요츠바랑!
2985,나는 항상 패배자에게 끌린다
2986,뷰티풀 몬스터
2987,나는 미소년이 좋다
2988,그림으로 읽는 生生 심리학
2989,그림으로 읽는 生生 연애 심리학
2990,인간에 대한 예의
2991,사랑은 상처를 허락하는 것이다
2992,존재는 눈물을 흘린다
2993,착한 여자
2994,아주 가벼운 깃털 하나
2995,의자놀이
2996,"괜찮다, 다 괜찮다"
2997,공지영의 지리산 행복학교
2998,뽈랄라 대행진
2999,파도야 놀자
3001,랄랄라 하우스
3002,말하다
3003,보다
3004,옥수수빵파랑
3005,이우일 선현경의 신혼여행기
3006,김영하 이우일의 영화이야기
3007,올드독의 영화노트
3008,느림
3009,영원한 제국
3010,한니발
3011,파페포포 투게더
3012,파페포포 메모리즈
3014,연애하면 왜 아픈 걸까
3015,연애연습
3016,선택
3017,도마뱀
3018,하치의 마지막 연인
3019,하드보일드 하드 럭
3020,두나's 서울놀이
3021,두나's 도쿄놀이
3022,인어공주는 왜 결혼하지 못했을까? : 기본편
3023,현명한 부모들은 아이를 느리게 키운다
3024,결국은 아름다움이 우리를 구원할 거야
3025,미래에서 온 편지
3026,마녀가 더 섹시하다
3027,혜교의 시간
3028,캐비닛
3029,눈물도 빛을 만나면 반짝인다
3030,유희열 삽화집 - 익숙한 그 집 앞
3031,조혜련의 박살 일본어
3032,"패션모델 송경아, 뉴욕을 훔치다"
3033,정재형의 Paris Talk
3034,무심한 고양이와 소심한 심리학자
3035,"너, 싸이코지?"
3036,내 생애 단 한번
3037,문학의 숲을 거닐다
3038,장영희의 영미시 산책 - 전2권 세트
3039,시나리오 창작연습 12강
3040,설득의 심리학 1
3042,건투를 빈다
3043,나는 소망한다 내게 금지된 것을
3044,천년의 사랑
3046,"너, 외롭구나"
3047,마지막 춤은 나와 함께
3048,마이너리그
3049,다른 모든 눈송이와 아주 비슷하게 생긴 단 하나의 눈송이
3050,행복한 사람은 시계를 보지 않는다
3051,생각하는 개구리
3052,새로운 100년
3053,행복한 출근길
3054,인생수업
3055,토드를 위한 심리상담
3056,설득
3057,일각수의 꿈
3058,나는 내가 아픈 줄도 모르고
3059,나는 왜 눈치를 보는가
3060,제인 버킨
3061,세상은 언제나 금요일은 아니지
3062,시인의 자리가 있는 곳
3063,셰익스피어를 만나러 가는 길
3064,소설가의 길을 따라
3065,불멸의 신성가족
3066,다른 길이 있다
3067,공부 논쟁
3068,욕망해도 괜찮아
3069,헐크바지는 왜 안 찢어질까?
3070,재미의 경계
3071,미움받을 용기 2
3073,유시민의 글쓰기 특강
3074,너의 목소리가 들려
3075,새의 선물
3076,아버지들의 아버지
3077,대지
3079,로미오와 줄리엣
3080,카스테라
3082,죽은 시인의 사회
3083,한여름 밤의 꿈
3087,고백
3088,초판본 변신
3092,7년의 밤
3095,외딴방
3096,천 번을 흔들려야 어른이 된다
3097,고등어
3098,원미동 사람들
3099,광수생각
3102,무소의 뿔처럼 혼자서 가라
3104,제인 에어
3105,지도 밖으로 행군하라
3106,먼나라 이웃나라
3109,월리를 찾아라!
3110,살아온 기적 살아갈 기적
3111,피터 래빗 시리즈 전집
3112,3분 고전
3113,닥치고 정치
3115,28
3117,물은 답을 알고 있다
3119,부자 아빠 가난한 아빠
3120,도가니
3121,"그건, 사랑이었네"
3122,네가 어떤 삶을 살든 나는 너를 응원할 것이다
3123,FBI 행동의 심리학
3124,미움받을 용기
14449,"그럼, 안녕히…… 야마자키 도미에였습니다."
14450,넙치
14451,작가란 무엇인가 1
14453,남아 있는 나날
14454,작은마음동호회
14456,2013 제4회 젊은작가상 수상작품집
14458,척하는 삶
14459,친화력
14460,2010 제1회 젊은작가상 수상작품집
14462,윤동주 시선 : 사랑스런 추억
14463,양철북
14465,사평역 「임철우」
14469,아무것도 생각하지 않기로 했다
14470,비틀즈 앤솔로지
14471,무구함과 소보로
14472,아몬드
14473,사무라이 정신은 거짓이다
14474,블루엣
14476,곰
14479,숨결이 바람 될 때
14480,유년의 뜰
14481,컬러 퍼플
14483,마초를 죽이려고
14485,태연한 인생
14487,산소리
14488,금각사
14489,나생문 (라쇼몽)
14490,행복의 정복
14491,열세 걸음
14495,느낌의 공동체
14498,빌러비드
14499,미크로메가스.캉디드 혹은 낙관주의
14502,마음
14503,사람의 아들
14504,초판본 사슴
14505,나는 공산주의자와 결혼했다
14506,흑산
14507,"1F/B1 일층, 지하 일층"
14509,올드보이 한대수
14510,"밤이여, 나뉘어라"
14511,가만한 나날
14512,비행운
14514,디디의 우산
14516,프리즘
14520,임화 시선 : 해협의 로맨티시즘
14521,우주의 구조
14523,판단력비판
14525,백의 그림자
14528,단순함의 원리
14529,낯익은 타인들의 도시
14530,희랍어 시간
14533,우리 모두의 정귀보
14534,금성녀
14535,영이 02
14536,창백한 푸른 점
14538,엘러건트 유니버스
14540,기독교 윤리의 해석
14541,체스의 모든 것
14542,참담한 빛
14543,나는 고발한다
14545,네가 누구든 얼마나 외롭든
14546,김미월 : 아직 일어나지 않은 일 What Has Yet to Happen
14547,김수영 전집
14548,어떤 사랑도 기록하지 말기를
14549,잃어버린 시간을 찾아서
14550,중독
14551,침묵의 봄
14552,기린이 아닌 모든 것
14554,나는 왜 기독교인이 아닌가
14555,"사월의 미, 칠월의 솔"
14558,P세대
14559,윌리엄 포크너
10626,환상의 빛
10627,금수
10628,반딧불 강
10629,파랑이 진다
10630,피서지의 고양이
10631,우리가 좋아했던 것
10632,마틴 셀리그만의 긍정심리학
10633,긍정의 배신
10634,팀 하포드의 경제학 팟캐스트
10635,파워 오브 도그
10636,"제4신분, 중세 여성의 역사"
10637,크리스마스
10638,여자 없는 남자들
10639,경제학 콘서트
10640,메시 Messy
10641,팀 하포드의 세상을 바꾼 51가지 물건
10642,인도 이야기
10643,"인디아, 그 역사와 문화"
10646,정치적 부족주의
10647,강남의 탄생
10648,강남을 읽다
10649,칠드런 액트
10650,체실 비치에서
10651,라이벌 국가들의 세계사
10652,리얼리티 버블
10654,대한민국 독서사
10655,인도와 파키스탄
10656,눈
10659,왜 시계태엽 바나나가 아니라 시계태엽 오렌지일까?
10660,지정학
10665,잠
10666,아티스트를 위한 멘토링
10667,뮤직숍
10668,백년전쟁
10669,"달 - 낭만의 달, 광기의 달"
10670,길가메시 서사시
10672,영화의 이해
10673,중세여행
10674,잉글리시 페이션트
10675,료칸에서 바닷소리 들으며 시나리오를 씁니다
10676,파친코
10678,탈레반과 아프가니스탄
10679,"아프가니스탄, 왜?"
10680,"라이선스LP 연대기 : 비틀스에서 딥 퍼플까지, 퀸에서 너바나까지"
10681,생각을 바꾸는 생각들
10682,기사단장 죽이기
10683,색채가 없는 다자키 쓰쿠루와 그가 순례를 떠난 해
10684,1Q84
10685,서점 일기
10686,폭정
10687,발칙한 예술가들
10688,발칙한 현대미술사
10690,중세의 밤
10692,50년간의 세계일주
10693,"나의 산티아고, 혼자이면서 함께 걷는 길"
10694,폭군들
10695,여름
10696,브로크백 마운틴
10697,"천천히, 스미는"
10698,나는 천천히 울기 시작했다
10699,소크라테스 익스프레스
10700,행복의 지도
10701,황금방울새
10702,나의 무섭고 애처로운 환자들
10703,포비아
10704,세상을 보는 방식을 획기적으로 바꾼 10명의 물리학자
10705,중세유럽산책
10707,트레인스포팅
10708,"우연의 일치, 신의 비밀인가 인간의 확률인가"
10709,세상에서 가장 기발한 우연학 입문
10710,위대한 독재자가 되는 법?
10711,스탈린
10712,낯선 중세
10713,박시백의 조선왕조실록
10718,아이러니스트의 사적인 진리
10719,나오미와 가나코
10720,면장 선거
10721,시골에서 로큰롤
10722,남쪽으로 튀어!
10724,우연의 설계
10725,프로젝트 헤일메리
10726,아르테미스
10727,마션
10728,서울에 내 방 하나
10730,포트노이의 불평
10731,아돌프 히틀러 결정판
10732,히틀러의 정신 분석
10733,히틀러 최후의 14일
10734,로봇의 부상
10735,독서
10736,숫자에 약한 사람들을 위한 우아한 생존 매뉴얼
10738,주기율표로 세상을 읽다
10739,미소
10740,웃음의 미학
10741,매너의 역사
10742,웃음
10743,웃음의 심리학
10744,유머니즘
10745,예술하는 습관
10746,리추얼
10747,킨
10748,하이 피델리티
10749,말이 바꾼 세계사
10751,교코
10752,재밌어서 끝까지 읽는 한중일 동물 오디세이
10753,우리는 마약을 모른다
10754,백년의 고독
10755,한없이 투명에 가까운 블루
10757,성룡 : 철들기도 전에 늙었노라
10758,그들
10759,레인보우
10760,"마릴린 먼로, My Story"
10761,마릴린 먼로 The Secret Life
10762,나와 아버지
10763,렛미인
10764,죽음이 삶에게
10767,바그다드 동물원 구하기
10768,미드나잇 라이브러리
10769,조선시대 사람들은 어떻게 살았을까
10770,고려시대 사람들은 어떻게 살았을까
10771,삼국시대 사람들은 어떻게 살았을까
10772,생의 실루엣
10775,그림자의 강
10777,나는 가끔 속물일 때가 있다
10779,눕기의 기술
10780,우아하게 가난해지는 방법
10782,"알게 모르게, 모욕감"
10783,모멸감
10784,독재자가 되는 법
10785,사르키 바트만
10786,언제나 일요일처럼
10788,필요의 탄생
10789,인체재활용
10790,문학을 읽는다는 것은
10792,앤디 워홀은 저장강박증이었다
10793,김상욱의 과학공부
10794,"십자군, 성전과 약탈의 역사"
10796,프랑스의 이민문제
10798,변신의 역사
10799,장서의 괴로움
10800,나는 죽으려고 했던 심리학자입니다
10801,거품예찬
10802,시간의 이빨
10803,왜 지금 지리학인가
10804,당신과 하루키와 음악
10805,0년
10806,아날로그의 반격
10807,마이클 케인의 연기 수업
10808,아프리카 우화집
10809,노마드랜드
14365,악령
14366,듄 신장판 1
14367,밤의 사색
14368,페터 카멘친트
14373,이선 프롬
14375,면도날
14377,흰
14379,스토너
14381,불멸
14382,이반 일리치의 죽음
14383,죄와 벌
14384,개인적인 체험
14386,여행의 이유
14388,여행일기
14389,지킬 박사와 하이드
14390,전락
14391,거울 앞에서 너무 많은 시간을 보냈다
14393,논어
14394,안과 겉
14396,뒤를 돌아보면서 : 2000-1887
14399,시지프 신화
14400,카프카 단편집
14401,노인과 바다
14404,싯다르타
14405,더 에미넴 북 The Eminem Book - 전2권
14406,ABC 살인사건
14408,폭풍의 언덕
14411,마쉬왕의 딸
14412,하워드 진 살아있는 미국역사
14413,그리스 비극
14415,배트맨 롱 할로윈
14416,배트맨 : 다크 나이트 리턴즈
14417,배트맨 킬링 조크 BATMAN The Killing Joke : 디럭스 에디션 The Deluxe Edition (양장)
14418,월든
14419,자살토끼
14420,"반 고흐, 영혼의 편지"
14425,주홍 글자
14426,은교
14427,Oxford Bookworms Library Level 4 : The Big Sleep
14428,도시로 보는 미국사
14429,대한민국 IT사 100
14434,시골의사 박경철의 자기혁명
14435,단순한 열정
14436,사랑의 파괴
14437,오리엔트 특급 살인
14441,그리고 아무도 없었다
14444,다 빈치 코드
4528,파도가 바다의 일이라면
4529,배드 블러드
4530,"다시, 책으로"
4531,90년생이 온다
4532,살인자ㅇ난감
4534,사형집행중 탈옥진행중
4535,생명이란 무엇인가
4538,에덴의 용
4539,한계비용 제로 사회
4541,"바람이 분다, 가라"
4542,기호의 제국
4544,바람과 함께 사라지다
4546,지적 대화를 위한 넓고 얕은 지식 : 현실 세계 편
4547,지적 대화를 위한 넓고 얕은 지식 : 현실 너머 편
4548,열한 계단
4551,"검은 피부, 하얀 가면"
4552,페더랄리스트 페이퍼
4553,프랑스혁명에 관한 성찰
4554,카타리나 블룸의 잃어버린 명예
4555,법의 정신
4557,자유론
4560,고양이 대학살
4563,왜 분노해야 하는가
4564,달과 6펜스
4565,루시 골트 이야기
4567,도리언 그레이의 초상
4570,나목
4571,환절기
4572,리틀 포레스트
4573,고독한 군중
4575,정의란 무엇인가는 틀렸다
4576,도덕적 인간과 비도덕적 사회
4577,낮은 데로 임하소서
4578,황야의 이리
4579,스마트폰을 떨어뜨렸을 뿐인데
4581,순이삼촌
4583,그리고 아무 말도 하지 않았다
4585,분노의 포도
4589,파리대왕
4590,평양
4593,크로이체르 소나타
4594,스키너의 심리상자 열기
4595,우리는 미래에 조금 먼저 도착했습니다
4596,교사도 학교가 두렵다
4598,수업시간 그녀
4599,정체성
4601,국가란 무엇인가
4602,너무 시끄러운 고독
4604,연인
4606,농담
4607,앵무새 죽이기
13914,기묘한 러브레터
13915,살인마에게 바치는 청소지침서
13916,망내인
13917,"기억나지 않음, 형사"
13918,네 번의 노크
13919,교통경찰의 밤
13920,달러구트 꿈 백화점 2
13921,가을의 감옥
13922,애너벨 리
13923,북유럽 신화
13924,괴담수집가
13925,시녀 이야기
13926,플레인 센스
13927,"괴물, 조선의 또 다른 풍경"
13928,삼체
13929,정령의 수호자
13930,불렛저널
13931,13.67
13933,The Bad Beginning
13934,내겐 드레스 백 벌이 있어
13935,무니의 희귀본과 중고책 서점
13938,살인자의 동영상
13939,살인자의 사랑법
13941,멋진 징조들
13942,허즈번드 시크릿
13943,연쇄 살인마 개구리 남자의 귀환
13944,뉴서울파크 젤리장수 대학살
13945,밀수
13946,사라진 후작
13948,사이코패스 뇌과학자
13949,우주의 끝을 찾아서
13951,저도 과학은 어렵습니다만
13952,모래바람
13953,야행관람차
13954,위험한 시간 여행
13955,에로틱 세계사
13956,여자의 일생
13957,강신주의 맨얼굴의 철학 당당한 인문학
13958,목걸이
13959,셜록 홈즈 전집 2 : 배스커빌의 개
13960,네 개의 서명
13964,호출
13966,별도 없는 한밤에
13968,안주
13969,천둥의 계절
13970,일인칭 단수
13971,몬스터 : 한밤의 목소리
13974,덧니가 보고 싶어
13975,나는 너를 본다
13976,숲과 별이 만날 때
13977,동급생
13978,바람의 화원
13980,위대하고 위험한 약 이야기
13981,사소한 것들의 과학
13982,로봇공화국에서 살아남는 법
13984,거의 모든 것의 역사
13985,달러구트 꿈 백화점
13986,초인은 지금
13987,이불 밖은 위험해
13988,랩 걸
13989,연년세세
13990,정신과는 후기를 남기지 않는다
13992,인간의 흑역사
13994,유년기의 끝
13995,휴먼 에이지
13996,지구에서 한아뿐
13997,Everybody Lies : The New York Times Bestseller
13998,타오르는 화염
13999,마가
14000,미즈치처럼 가라앉는 것
14001,화가
14002,비하인드 허 아이즈
14003,그녀는 증인의 얼굴을 하고 있었다
14004,인간의 발명
14005,내 안의 물고기
14006,인종 토크
14008,익명소설
14009,목소리를 드릴게요
14010,종이 동물원
14011,지상 최대의 내기
14012,지극히 사적인 초능력
14013,인수공통 모든 전염병의 열쇠
14016,일의 기쁨과 슬픔
14017,커튼
14018,증언들
14021,인류의 기원
14022,좀비 연대기
14023,무너지는 제국
14024,항상 앞부분만 쓰다가 그만두는 당신을 위한 어떻게든 글쓰기
14026,괴담의 테이프
14027,나는 살인자를 사냥한다
14028,리틀 브라더
14029,전쟁에서 살아남기
14030,봉제인형 살인사건
14031,악마도 때론 인간일 뿐이다
14032,그리고 신은 얘기나 좀 하자고 말했다
14033,모킹제이
14034,캣칭 파이어
14035,오디션
14036,헝거 게임
14039,블랙코미디
14040,삼대
14041,벌집을 발로 찬 소녀
14043,키스 KISS
14044,불을 가지고 노는 소녀
14045,소녀의 세계
14046,마음을 열어주는 101가지 이야기 1
14047,백귀야행
14048,늑대의 유혹
14049,노인을 위한 나라는 없다
14052,동물과 대화하는 아이 티피
14053,스코치 트라이얼
14055,핑퐁
14057,멋지다!! 마사루
14058,키스 앤 텔
14060,인터스텔라의 과학
14062,엘리베이터에 낀 그 남자는 어떻게 되었나
14063,포르토벨로의 마녀
14068,신과 함께 : 저승편
14069,악마와 미스 프랭
14071,쥐덫
14072,육식의 종말
14073,빌 브라이슨 발칙한 유럽산책
14074,외모지상주의
14076,댄스 댄스 댄스
14078,지문사냥꾼
14079,스피릿 핑거스
14081,코끼리 공장의 해피엔드
14082,나와 춤을
14083,이런 영웅은 싫어
14086,푸른 수염
14088,다이어터 1 : 식이조절 편
14089,제노사이드
14090,1973년의 핀볼
14091,여자를 증오한 남자들
14093,여탕보고서
14095,무라카미 하루키 단편걸작선
14098,내 ID는 강남미인
14101,신과 함께 : 이승편
14103,그 여자네 집
14105,여자 둘이 살고 있습니다
14106,피아노의 숲
14108,일본 VS 옴진리교
14111,배스커빌 가의 개
14112,흑백
14113,만
14114,치인의 사랑
14115,열쇠
14118,장미의 이름
14120,마지막 해커
14121,4월의 어느 맑은 아침에 100퍼센트의 여자를 만나는 것에 대하여
14122,왜 종교는 과학이 되려 하는가
14123,신과 함께 : 신화편
14124,노다메 칸타빌레
14125,설민석의 조선왕조실록
14126,이누가미 일족
14127,나를 아는 남자
14128,순서의 문제
14129,악마의 공놀이 노래
14130,밤 산책
14131,팔묘촌
14132,모든 것의 종말
14133,인간의 섹스는 왜 펭귄을 가장 닮았을까
14134,우울할 땐 뇌 과학
14135,휴먼 디비전
14136,비하인드 도어
14137,얼간이
14138,맏물 이야기
14139,삼귀
14141,돌이킬 수 없는 약속
14143,박진영의 공룡 열전
14144,"아이, 로봇"
14145,데스 큐어
14146,롱 워크
14147,파인더스 키퍼스
14148,미스터 메르세데스
14149,황혼녘 백합의 뼈
14150,보리의 바다에 가라앉는 열매
14152,나를 보내지 마
14153,봉크
14154,빛의 제국
14156,삼월은 붉은 구렁을
14158,봉신연의
14159,핑거스미스
14162,말괄량이 길들이기
14163,트와일라잇
14164,사랑손님과 어머니
14165,로마인 이야기
14168,공중 곡예사
14169,한밤중에 개에게 일어난 의문의 사건
14170,오 헨리 단편선
14172,맛
14173,달의 궁전
14174,테스
14176,천사들의 제국
14178,그곳에는 어처구니들이 산다
14179,상록수
14180,백치 아다다
14181,들개
14182,장외인간
14183,미실
14184,유쾌한 하녀 마리사
14185,아랑은 왜
14186,악기들의 도서관
14188,당신들의 천국
14196,청춘의 문장들
14197,굴 소년의 우울한 죽음
14201,다이어터 2 : 운동적응기 편
14202,플루토 Pluto
14203,아내가 결혼했다
14204,묵향
14205,거꾸로 읽는 세계사
14206,메이즈 러너
14207,셜록 홈즈 : 주홍색 연구
14208,공허한 십자가
14210,퇴마록 : 국내편
14214,나의 문화유산답사기
14217,삼미 슈퍼스타즈의 마지막 팬클럽
14219,마틸다
14224,논리야 놀자
14227,모리와 함께한 화요일
14228,오페라의 유령
14233,어두운 상점들의 거리
14234,몬테크리스토 백작
14236,벤자민 버튼의 시간은 거꾸로 간다
14240,안나 카레니나
14241,꽃들에게 희망을
14244,80일간의 세계 일주
14248,키다리 아저씨
14260,달
14261,알고보면 무시무시한 그림동화 1
14262,일식
14264,암리타
14265,뱀에게 피어싱
14266,N.P
14268,반짝반짝 빛나는
14271,냉정과 열정사이 Blu
14272,냉정과 열정사이 Rosso
14277,위대한 유산
14278,박사가 사랑한 수식
14279,베니스의 상인
14281,해리 포터와 불사조 기사단
14283,모방범
14285,나의 삼촌 브루스 리
14290,롤리타
14292,해리 포터와 죽음의 성물
14295,레미제라블
14298,Life of Pi
14299,엄청나게 시끄럽고 믿을 수 없게 가까운
14300,조이 이야기
14301,마지막 행성
14302,유령여단
14303,노인의 전쟁
14304,세상의 중심에서 사랑을 외치다
14305,좀비 서바이벌 가이드
14306,레디메이드 인생
14307,나를 찾아줘
14309,꿀벌과 천둥
14311,미소 수프
14312,리허설
14314,너를 비틀어 나를 채운다
14315,코인로커 베이비스
14316,69 식스티 나인
14317,스푸트니크의 연인
14318,해변의 카프카
14320,나만이 없는 거리
14322,검은 꽃
14323,퀴즈쇼
14325,나는 나를 파괴할 권리가 있다
14326,본성이 답이다
14327,과학하고 앉아있네 3
14330,비숲
14333,오기 렌의 크리스마스 이야기
14334,나미야 잡화점의 기적
14337,아웃라이어
14341,오래된 연장통
14348,살인자의 기억법
14355,총 균 쇠
14356,해리 포터와 혼혈왕자
14357,미스터리를 쓰는 방법
14360,바리데기
1056,소망 없는 불행
1057,관객모독
1060,예루살렘의 아이히만
1061,풀잎
1063,내 마음의 옥탑방
1065,올드보이 Oldboy
1068,포스트맨은 벨을 두번 울린다
1070,라디오헤드로 철학하기
1071,돼지꿈
1074,사랑굿
1078,생물성
1081,나의 상처는 돌 너의 상처는 꽃
1087,꽃을 보듯 너를 본다
1088,화사집
1089,시 읽는 밤 : 시 밤
1091,내가 사랑하는 사람
1092,외눈박이 물고기의 사랑
1094,너는 눈부시지만 나는 눈물겹다
1095,리스본행 야간열차 (윈터 리미티드 에디션)
1096,수도원의 비망록
1098,"철학, 영화를 캐스팅하다"
1099,"영화, 감독을 말하다"
1100,테이블 전쟁
1101,정본 윤동주 전집
1103,그대가 곁에 있어도 나는 그대가 그립다
1107,밤으로의 긴 여로
1111,인간의 굴레에서
1116,"깃발, 나부끼는 그리움"
14560,우리들의 여름
14561,남색대문
14562,"틱, 틱...붐!"
14563,콜
14564,해탄적일천
14565,돈 룩 업
14567,"엠아이에이: 조용히 해, 일단 들어"
14568,머드
14569,레볼루셔너리 로드
14570,그것
14571,파고
14572,유다 그리고 블랙 메시아
14573,엘르
14574,씨스피라시
14575,퀸시 존스의 음악과 삶
14576,래빗 홀
14577,정직한 후보
14578,박쥐
14579,소울
14580,트루먼 쇼
14581,온 더 록스
14582,클라우스
14583,어퀘인턴스 오브 어 론리 존
14584,오피셜 시크릿
14585,브루클린
14586,미스테리어스 스킨
14587,에놀라 홈즈
14588,거대한 해킹
14589,작은 아씨들
14590,캐빈 인 더 우즈
14591,타인의 취향
14592,어 퓨 굿 맨
14593,먼 훗날 우리
14594,바그다드 카페 리마스터링
14595,이웃집 야마다군
14596,헤드윅
14597,끝까지 간다
14598,마더
14599,바다가 들린다
14600,브리짓 존스의 일기
14601,쇼생크 탈출
14602,페어웰
14603,니나 시몬: 영혼의 노래
14604,언컷 젬스
14605,너를 만난 여름
14606,"어디갔어, 버나뎃"
14607,콜 미 바이 유어 네임
14608,카페 뤼미에르
14609,타오르는 여인의 초상
14610,거북이는 의외로 빨리 헤엄친다
14611,롱 샷
14612,두 교황
14613,"미안해요, 리키"
14614,탠저린
14615,나이브스 아웃
14616,진짜로 일어날지도 몰라 기적
14617,우리의 20세기
14618,플레이스 비욘드 더 파인즈
14619,블루 발렌타인
14620,결혼 이야기
14621,아이리시맨
14622,여배우는 오늘도
14623,윤희에게
14625,노팅 힐
14626,록 스탁 앤 투 스모킹 배럴즈
14627,바스터즈: 거친 녀석들
14628,장고: 분노의 추적자
14629,터미네이터: 다크 페이트
14630,쏘리 투 보더 유
14631,말레피센트 2
14632,브레이킹 배드 무비: 엘 카미노
14633,미드 90
14634,그 여름 가장 조용한 바다
14635,벌새
14636,우리집
14637,나쁜 교육
14638,나의 작은 시인에게
14639,카이로의 붉은 장미
14640,졸업
14641,네 이웃의 아내를 탐하지 마라
14642,아이 오리진스
14644,미드소마
14645,썸원 그레이트
14646,자체발광 제시카 제임스
14647,알라딘
14648,아키라
14649,어느 일란성 세 쌍둥이의 재회
14650,한나 개즈비: 나의 이야기
14651,아니마
14652,스틸 라이프
14653,토이 스토리 4
14654,토이 스토리 3
14655,카우스피라시
14656,미성년
14657,우산 혁명: 소년 vs. 제국
14658,기생충
14659,비포 더 플러드
14660,하나 그리고 둘
14661,미스 스티븐스
14662,아사코
14663,그린 북
14664,어스
14665,봄날은 간다
14666,론리아일랜드의 팝스타
14667,폭력의 역사
14668,티그
14669,더 페이버릿: 여왕의 여자
14670,토요일 밤의 열기
14671,마리 앙투아네트
14672,디스커버리
14673,3-4 X 10월
14674,올리브 나무 사이로
14675,퍼레이드
14676,윌로씨의 휴가
14677,벨벳 버즈소
14678,마음의 저편
14679,극한직업
14680,FYRE: 꿈의 축제에서 악몽의 사기극으로
14681,사랑도 리콜이 되나요
14682,거꾸로 가는 남자
14683,녹색 광선
14684,가버나움
14685,내 여자 친구의 남자 친구
14686,그랜마
14687,섹스 거짓말 그리고 비디오테이프
14688,셔커스: 잃어버린 필름을 찾아서
14689,전문학교
14690,주먹왕 랄프 2: 인터넷 속으로
14691,미스터 스마일
14692,베스트 오퍼
14693,배드 지니어스
14694,카메라를 멈추면 안 돼!
14695,킬링 디어
14696,로마
14697,아수라
14698,페미니스트: 닫힌 문을 열고
14699,맥퀸
14700,블랙 스완
14701,보헤미안 랩소디
14702,뉴욕 라이브러리에서
14703,미스테리 트레인
14704,점원들
14705,천국보다 낯선
14706,미쓰 홍당무
14707,서치
14708,밤은 짧아 걸어 아가씨야
14709,고무 인간의 최후
14710,베로니카의 이중 생활
14711,헤어
14712,키즈 리턴
14713,샤이닝
14714,라이온 킹
14715,바르다가 사랑한 얼굴들
14716,아이 엠 러브
14717,불한당: 나쁜 놈들의 세상
14718,5시부터 7시까지의 클레오
14719,인크레더블 2
14720,도쿄 소나타
14721,유전
14722,꽁치의 맛
14723,오션스8
14724,클레어의 카메라
14725,당신의 부탁
14726,플로리다 프로젝트
14727,핑크 플로이드의 벽
14728,콜럼버스
14729,쓰리 빌보드
14730,소공녀
14731,매디슨 카운티의 다리
14732,레이디 버드
14733,팬텀 스레드
14734,셰이프 오브 워터: 사랑의 모양
14735,8 마일
14736,밤섬해적단 서울불바다
14737,4학년 보경이
14738,걸스온탑
14739,연애다큐
14740,플라이 투 더 스카이
14741,꿈의 제인
14742,브로큰 임브레이스
14743,엑소시스트
14744,샴푸
14745,파프리카
14746,천국의 말썽
14747,대사건
14748,깊은 밤 갑자기
14749,올라프의 겨울왕국 어드벤처
14750,코코
14751,배드 맘스 크리스마스
14752,러빙 빈센트
14753,심플 라이프
14754,디태치먼트
14756,패터슨
14757,이터널 선샤인
14758,컨버세이션
14759,화양연화 리마스터링
14760,마이어로위츠 이야기 (제대로 고른 신작)
14761,라스트 홈
14762,타짜
14763,베이비 드라이버
14764,후 아 유
14765,영 앤 뷰티풀
14766,취권
14767,킬러의 보디가드
14768,그렇게 아버지가 된다
14769,공범자들
14770,왕의 남자
14771,사도
14772,킬 빌
14773,우리들
14774,택시운전사
14775,덩케르크
14776,내 사랑
14777,지상의 밤
14778,지랄발광 17세
14779,옥자
14780,녹터널 애니멀스
14781,박열
14782,더 폴: 오디어스와 환상의 문
14783,아가씨
14784,플란다스의 개
14785,고양이를 부탁해
14786,도니 다코
14787,달라스 바이어스 클럽
14788,나는 부정한다
14789,펀치 드렁크 러브
14790,스파이
14791,시카리오: 암살자의 도시
14792,도그빌
14793,글루미 선데이
14794,열차 안의 낯선 자들
14795,걸어도 걸어도
14796,"나, 다니엘 블레이크"
14797,문라이트
14798,맨체스터 바이 더 씨
14799,레이
14800,싱글 맨
14801,최종면접
14802,용서받지 못한 자
14803,판타스틱 소녀 백서
14804,내가 널 사랑할 수 없는 10가지 이유
14805,인사이드 잡
14806,키리시마가 동아리활동 그만둔대
14807,극장판 마법소녀 마도카 마기카(신편): 반역의 이야기
14808,월플라워
14809,컨택트
14810,극장판 마법소녀 마도카☆마기카 [후편] 영원의 이야기
14811,극장판 마법소녀 마도카☆마기카 [전편] 시작의 이야기
14812,조디악
14813,지리멸렬
14814,심판
14815,펄프 픽션
14816,인사이드 르윈
14817,본 투 비 블루
14818,매기스 플랜
14819,국가의 탄생
14820,스노든
14821,로마의 휴일
14822,라라랜드
14823,복수는 나의 것
14824,설리: 허드슨강의 기적
14826,신비한 동물사전
14827,네버 렛 미 고
14828,세상에서 고양이가 사라진다면
14829,줄리에타
14830,램스
14831,칠드런 오브 맨
14832,중경삼림 리마스터링
14833,로스트 인 더스트
14834,생산적 활동
14835,손님
14836,세이프
14837,헤어스프레이
14838,오션스 일레븐
14839,나비 효과
14840,파이트 클럽
14841,굿 윌 헌팅
14842,벤허
14843,카페 소사이어티
14844,에이미
14845,레버넌트: 죽음에서 돌아온 자
14846,리스본행 야간열차
14847,스타트렉 비욘드
14848,주먹왕 랄프
14849,터널
14850,저수지의 개들
14851,데몰리션
14852,대학살의 신
14853,비포 선라이즈
14854,스킵트레이스: 합동수사
14855,싱 스트리트
14856,빅뱅 메이드
14857,8월의 크리스마스
14858,강남 1970
14859,실버라이닝 플레이북
14860,나의 소녀시대
14861,곡성(哭聲)
14862,살인의 추억
14863,와이키키 브라더스
14864,주토피아
14865,스포트라이트
14866,검은 사제들
14867,캐롤
14868,빅쇼트
14869,클로저
14870,셰임
14871,매그놀리아
14872,내 남자친구는 왕자님
14873,전차남
14874,스팽글리쉬
14875,대통령의 딸
14876,탑건
14877,서양골동양과자점 앤티크
14878,베테랑
14879,맨 프럼 어스
14880,고양이의 보은
14881,고사: 피의 중간고사
14882,와일드 차일드
14883,품행 제로
14884,귀신이 산다
14885,해리포터와 마법사의 돌
14886,식객
14887,아이덴티티
14888,데스 노트
14889,몽상가들
14890,카핑 베토벤
14891,엑소더스: 신들과 왕들
14892,샤크
14893,올리버 트위스트
14894,드리머
14895,베스트셀러
14896,오픈 유어 아이즈
14897,아메리칸 스나이퍼
14898,인사이드 아웃
14899,미션 임파서블: 로그네이션
14900,합격!
14901,킹스맨 : 시크릿 에이전트
14902,어톤먼트
14903,내가 고백을 하면
14904,마다가스카
14905,프린세스 다이어리
14906,인턴
14907,프렌즈 위드 베네핏
14908,늑대와 춤을
14909,포레스트 검프
14910,글래디에이터
14911,내니 맥피 2 - 유모와 마법소동
14912,빅 피쉬
14914,업
14915,자전거 도둑
14916,행복한 사전
14917,싸이보그지만 괜찮아
14918,베를린
14919,킹콩을 들다
14920,신세계
14921,천하장사 마돈나
14922,추격자
14923,범죄와의 전쟁 : 나쁜놈들 전성시대
14924,줄무늬 파자마를 입은 소년
14925,초록물고기
14926,괴물
14927,레퀴엠
14928,털
14929,지구를 지켜라!
14931,루비 스팍스
14932,인간중독
14933,니모를 찾아서
14935,퀸카로 살아남는 법
14936,마이 페어 레이디
14937,미녀는 괴로워
14938,이지 A
14939,홀리 모터스
14940,인터스텔라
14941,아바타
14942,마이너리티 리포트
14943,브링 잇 온 3
14944,몬스터 주식회사
14945,미스 리틀 선샤인
14946,유스
14947,킬 유어 달링
14948,아메리칸 셰프
14949,잉여들의 히치하이킹
14950,아이 킬드 마이 마더
14951,위플래쉬
14952,보이후드
14953,바닷마을 다이어리
14954,다크 나이트
14955,암살
14956,레옹
14957,우리에게 내일은 없다
14958,하울의 움직이는 성
14959,타이타닉
14960,벼랑 위의 포뇨
14961,폰 부스
14962,연애의 온도
14963,모노노케 히메
14964,화이트 칙스
14965,500일의 썸머
14966,원스
14967,라디오 스타
14968,나의 PS 파트너
14969,스쿨 오브 락
14970,그놈 목소리
14971,고지전
14972,인생은 아름다워
14973,오싹한 연애
14974,"나니아 연대기 - 사자, 마녀 그리고 옷장"
14975,클래식
14976,인크레더블
14977,사운드 오브 뮤직
14978,어린 신부
14979,의형제
14980,말아톤
14981,어바웃 타임
14982,화려한 휴가
14983,맘마미아!
14985,이프 온리
14986,집으로...
14987,7급 공무원
14988,박물관이 살아있다!
14991,내 아내의 모든 것
14992,시라노; 연애조작단
14993,찰리와 초콜릿 공장
14994,늑대소년
14995,엽기적인 그녀
14996,국가대표
14997,인셉션
14998,엘프
14999,업타운 걸
15000,깡철이
15001,썸웨어
15002,가필드
15003,드럼라인
15004,리틀 맨
15005,캣츠 앤 독스
15006,"안녕, 형아"
15007,신데렐라 맨
15008,페어런트 트랩
15009,샬롯의 거미줄
15010,우아한 거짓말
15011,흐르는 강물처럼
15012,나는 조지아의 미친 고양이
15013,내 마음의 풍금
15014,구르믈 버서난 달처럼
15015,세렌디피티
15016,청설
15017,인사동 스캔들
15018,파수꾼
15021,천국의 아이들
15022,코러스
15023,에반 올마이티
15024,킬러들의 수다
15026,21
15027,밀리언 달러 베이비
15028,그녀
15029,레인 맨
15030,"조제, 호랑이 그리고 물고기들"
15031,그랜드 부다페스트 호텔
15032,17 어게인
15033,블라인드
15034,미세스 다웃파이어
15035,클릭
15036,더 게임
15037,어거스트 러쉬
15038,블라인드 사이드
15039,플립
15040,악마는 프라다를 입는다
15041,향수 - 어느 살인자의 이야기
15042,화이 : 괴물을 삼킨 아이
15043,아이 엠 샘
15044,포화 속으로
15045,미스터 & 미세스 스미스
15046,"그 시절, 우리가 좋아했던 소녀"
15047,건축학개론
15048,슬럼독 밀리어네어
15049,소셜 네트워크
15050,아마데우스
15051,언터처블: 1%의 우정
15052,도둑들
15054,변호인
15055,비긴 어게인
15056,센과 치히로의 행방불명
15057,친절한 금자씨
3126,무비유환
3127,골든 크로스
3128,아르헨티나 할머니
3129,코로나 투자 전쟁
3130,빅히트
3131,가짜 팔로 하는 포옹
3132,보노보노처럼 살다니 다행이야
3134,메리 포핀스
3135,대한민국 부동산 7가지 질문
3136,부자의 시간
3138,그들이 말하지 않는 23가지
3139,괴물들이 사는 나라
3140,혼자 있는 시간의 힘
3141,"팅커, 테일러, 솔저, 스파이"
3142,반딧불이
3145,걷는 듯 천천히
3146,악마 기자 정의 사제
3147,내가 잠들기 전에
3150,미운오리새끼의 출근
3151,애크로이드 살인사건
3152,"셜록 홈즈, 마지막 날들"
3153,셜록 홈즈 미공개 사건집
3154,그리고 명탐정이 태어났다
3155,대한민국은 왜?
3156,디퍼런트
3157,고전혁명
3158,고전 소설 속 역사 여행
3159,철도원
3160,전략 퍼즐
3161,개는 어디에
3162,개가 된 CEO
3164,워딩파워
3165,나의 영어는 영화관에서 시작됐다
3168,사랑의 풍경
3170,소수의견
3172,마음을 움직이는 승부사 제갈량
3173,넛지
3175,교양있는 엔지니어
3176,슈뢰딩거의 고양이
3179,링
3180,링 2 - 스파이럴
3181,링 3 - 루프
3183,악인
3184,핸드메이드 픽션
3185,골든 슬럼버
3186,"기발한 발상, 하늘을 움직이다"
3187,내 안의 야수
3188,마술은 속삭인다
3189,섀도우
3190,다잉 아이
3191,탐정 클럽
3192,방과 후
3193,나의 한국현대사
3194,영원한 라이벌 김대중 VS 김영삼
9827,수어
9829,소문
9830,녹나무의 파수꾼
9831,백야행
9832,인간만세
9834,행복의 충격
9835,"서른살, 비트코인으로 퇴사합니다"
9840,방구석 미술관 2 : 한국
9841,세상에서 가장 짧은 세계사
9842,인생의 태도
9843,두 번 사는 소녀
9845,받은 만큼 복수하는 소녀
9847,심연으로부터
9848,데일 카네기 인간관계론
9849,매혹적인 스토리텔링의 탄생
9850,지적 대화를 위한 넓고 얕은 지식 : 제로 편
9851,여름의 겨울
9853,시로 납치하다
9854,아이들은 즐겁다
9855,역전! 야매요리
9856,말재주
9857,원자력 우리의 미래인가?
9858,원자력 논쟁
9861,읽다
9863,방구석 미술관
9866,21세기를 위한 21가지 제언
9867,용의자 X의 헌신
9869,인간의 대지
9872,신이 준 최고의 선물
9873,이태원 클라쓰
9874,음식의 심리학
9875,오늘의 인생
9877,뼈 있는 아무 말 대잔치
9878,결국 이기는 사람들의 비밀
9880,그릿 GRIT
9881,시간의 옷
9882,그린 에너지 원자력
9884,천사의 부름
9885,후흑
9889,이토록 사소한 멜랑꼴리
9890,졸업선물
9893,리더를 위한 세계 최고의 EQ 수업
9896,용비불패
9899,프레임
9900,언어의 온도
9901,지적 대화를 위한 심리학 백과사전
9902,악당의 명언
9903,말의 품격
9904,하루 1분 추리게임
9906,착한 스프는 전화를 받지 않는다
9926,꾸러기 만화일기
9929,파브르 곤충기
9934,거미줄에 걸린 소녀
9935,무서운 게 딱! 좋아!
9936,마법천자문
9938,우선순위 영단어
9939,시베리아에서 살아남기
9940,바다에서 살아남기
9941,초원에서 살아남기
9942,화산에서 살아남기
9944,이상한 나라의 앨리스
9951,모모
9957,성공하는 사람들의 7가지 습관
9961,사람의 마음을 얻는 심리 대화법
9967,굿 미 배드 미
9968,장하준의 경제학 강의
9970,저스티스맨
18104,생각의 지도
18105,대한민국 원주민
18106,빛나거나 미치거나
18107,중학생 톡톡톡
18108,사소한 감정이 나를 미치게 할 때
18109,오늘도 출근하는 당신에게
18110,레드 라이딩 후드
18111,인생 따위 엿이나 먹어라
18112,회색 인간
18113,아이 엠 넘버 포
18114,비스틀리
18115,서른한 개의 선물
18116,계단의 집
18117,안내견 탄실이
18118,친정 엄마
18119,그녀의 맞선 보고서
18120,마이 프린세스
18121,남편 사용 설명서
18122,개인의 취향
18123,너 지금 어디 가?
18124,아이의 자존감
18125,위험한 관계
18126,"어느 날, 신이 내게 왔다"
18127,인연 만들기
18128,토토의 새로운 세상
18129,지금 이순간 나에게 꼭 필요한 한마디
18130,행복 바이러스 안철수
18131,초정리 편지
18132,고도원의 아침편지 1 : 아름다움도 자란다
18133,봄바람
18134,고도원의 아침편지
18135,"뚱보, 내 인생"
18136,콩나물 시루
18137,경청
18138,이 시대를 사는 따뜻한 부모들의 이야기
18139,행복한 심리학
18140,여전히 두근거리는 중
18141,시간의 선물
18142,바보엄마
18143,오늘도 편지를 씁니다
18145,지붕 낮은 집
18146,"엄마, 힘들 땐 울어도 괜찮아"
18147,오래 보아야 예쁘다 너도 그렇다
18148,할머니를 따라간 메주
18149,당신이 희망입니다
18150,운하의 소녀
18151,나와 조금 다를 뿐이야
18152,"서른다섯, 지금 하지 않으면 반드시 후회하는 87가지"
18153,한 권으로 보는 꼴
18154,피드백 이야기
18155,느티나무의 선물
18156,"리심, 파리의 조선 궁녀"
18157,나는 한 마리 개미
18158,"안녕, 드뷔시"
18159,울지말고 당당하게
18160,곰보빵
18161,우리말 사용설명서
18162,3분
18163,모래밭 아이들
18164,달걀과 밀가루 그리고 마들렌
18165,내가 너를 향해 흔들리는 순간
18166,요조숙녀
18168,인서전트
18169,행복한 고물상
18170,기찻길옆 아이들
18171,괴물 - 전2권
18172,"이 일기는 읽지마세요, 선생님"
18173,캐리비안의 해적
18174,버리지 않고 떠나기
18175,더 늦기 전에 더 잃기 전에 꼭 알아야 할 것들
18176,나의 를리외르 아저씨
18177,와작와작 꿀꺽 책 먹는 아이
18178,힘든 시간을 이겨내는 10가지 방법
18179,화성 연대기
18180,꿈이 있는 거북이는 지치지 않습니다
18181,짱뚱이의 나의 살던 고향은
18183,대유괴
18184,짱뚱이의 우리집은 흥부네 집
18185,밤티 마을 큰돌이네 집
18186,해시의 신루
18187,소희의 방
18188,"거기, 당신?"
18189,피라니아 이야기
18190,문자메시지
18191,4천원 인생
18192,유머가 이긴다
18193,김홍도의 풍속화로 배우는 옛 사람들의 삶
18194,얼어붙은 송곳니
18196,신의 죽음
18197,나비야 청산 가자
18198,완전변태
18199,여자도 여자를 모른다
18200,감성사전
18201,절대강자
18202,칼
18203,장외인간 1
18206,레오파드
18207,행복의 추구
18208,빅 퀘스천
18209,브루투스의 심장
18210,11문자 살인사건
18211,거울 속의 이방인
18212,시간의 모래밭
18213,신들의 풍차
18214,내일이 오면
18215,천사의 분노
18216,게임의 여왕
18218,브레인
18219,바이탈 사인
18220,성자가 된 청소부
18221,개선문
18222,코마
18223,50가지 그림자 : 해방
18224,7번째 내가 죽던 날
18225,픽업
18226,몽테크리스토 백작
18227,여름을 삼킨 소녀
18228,큰바위 얼굴
18229,50가지 그림자 : 심연
18230,모파상 단편선
18231,별
18232,좁은 문
18233,이솝 우화집
18234,누구를 위하여 종은 울리나
18235,아라비안 나이트
18236,피노키오
18239,바보 이반
18240,15소년 표류기
18247,궁宮
18248,토지
18249,감자
18250,빙하에서 살아남기
18251,사막에서 살아남기
18252,아마존에서 살아남기
18253,무인도에서 살아남기
18254,비밀의 화원
18255,로빈슨 크루소
18259,열두 살에 부자가 된 키라
18261,완벽하지 않은 것들에 대한 사랑
18272,서른 살이 심리학에게 묻다
18274,가방 들어주는 아이
18277,상어의 도시
18278,안데르센 동화집
18279,구르미 그린 달빛
18280,메밀꽃 필무렵
18281,아불류 시불류
18282,김제동이 만나러 갑니다
18283,탐나는 도다
18285,삼성 컨스피러시
18287,피터 팬
18288,산 자와 죽은 자
18289,방각본 살인 사건
18290,노란 손수건
18292,일쌍다반사
18295,열녀문의 비밀
18296,토토의 눈물
18297,카지노
18298,목적이 이끄는 삶
18299,나는 전설이다
18300,해피 버스데이
18301,십시일反
18302,강남몽
18303,메모의 기술
18306,명탐정의 저주
18307,헬프
18310,갈릴레오의 고뇌
18311,게임의 이름은 유괴
18312,가시고백
18313,"뇌, 인간을 읽다"
18314,설민석의 무도 한국사 특강
18316,나는 아내와의 결혼을 후회한다
18317,나무를 심은 사람
18320,100℃
18321,허수아비춤
18322,파이브 데이즈
18323,가즈오의 나라
18324,"거짓말, 딱 한 개만 더"
18325,깊은 상처
18326,김약국의 딸들
18327,살수
18330,리빙 더 월드
18331,Me Before You
18332,덕혜옹주
18333,마시멜로 두 번째 이야기
18335,플랜더스의 개
18337,삼총사
18339,톰 아저씨의 오두막
18345,보보경심
18348,그림 형제 동화집
18351,탐정 갈릴레오
18352,사랑받지 못한 여자
18356,박씨전
18358,홍길동전
18363,그리스 로마 신화
18365,너무 친한 친구들
18366,사람은 무엇으로 사는가
18373,고령화 가족
18375,오셀로
18377,회랑정 살인사건
18378,더 잡
18380,허생전
18381,황태자비 납치사건
18387,무기여 잘 있어라
18390,몽환화
18392,종이 여자
18393,하치 이야기
18396,내가 그를 죽였다
18399,악의
18402,사서함 110호의 우편물
18406,그레이의 50가지 그림자
18407,다이버전트
18408,바보 빅터
18410,신참자
18411,검은 집
18412,백마산장 살인사건
18413,파리5구의 여인
18416,1026
18417,스노우맨
18418,명탐정의 규칙
18419,눈물이 주룩주룩
18421,궁에는 개꽃이 산다
18423,생각 버리기 연습
18425,브레이킹 던
18426,방황하는 칼날
18427,뿌리 깊은 나무
18428,더 리더 - 책 읽어주는 남자
18430,센트럴파크
18432,그 후에
18433,바람을 뿌리는 자
18434,유진과 유진
18438,지금 이 순간
18442,몽유도원
18443,세 얼간이
18444,애프터 유
18445,사악한 늑대
18447,규장각 각신들의 나날
18448,브리다
18449,가면 산장 살인 사건
18453,모멘트
18454,7년 후
18458,싸드 THAAD
18462,이클립스
18466,내일
18467,해를 품은 달
18470,미생 시즌2
18471,뉴문
18474,내 심장을 쏴라
18479,개밥바라기별
18480,템테이션
18485,마당을 나온 암탉
18491,배려
18495,청소부 밥
18496,몽실 언니
18497,미 비포 유
18498,서울 시
18503,죽을 때 후회하는 스물다섯 가지
18507,어디선가 나를 찾는 전화벨이 울리고
18510,즐거운 나의 집
18517,나니아 연대기
18524,"멈추면, 비로소 보이는 것들"
13145,인체 구조 교과서
13146,더 해빙
13147,인생 수업
13148,"아무튼, 떡볶이"
13149,궤도의 과학 허세
13150,에이트
13151,채링크로스 84번지
13152,알츠하이머의 종말
13154,왜 말을 그렇게 해?
13155,어린 완벽주의자들
13156,응급의학과 의사 아빠의 안전한 육아
13157,하늘아! 미세먼지 어떡해?
13158,박진실 변호사의 대마이야기
13160,"아무튼, 비건"
13162,인생의 베일
13163,작은 책방 꾸리는 법
13164,유튜브로 책 권하는 법
13165,위즈덤
13166,청기와주유소 씨름 기담
13168,우리가 보낸 가장 긴 밤
13169,연필로 쓰기
13170,태엽 감는 새 연대기
13171,BTS : THE REVIEW
13174,땀 흘리는 소설
13175,우리는 왜 잠을 자야 할까
13176,소설가의 일
13178,그 청년 바보의사
13179,옥상에서 만나요
13181,서울의 3년 이하 서점들 : 솔직히 책이 정말 팔릴 거라 생각했나?
13183,대논쟁! 철학 배틀
13184,그러니까 당신도 살아
13186,Becoming 비커밍
13189,스크루테이프의 편지
13193,아버지의 여행가방
13196,당신이 옳다
13197,인생
13205,운명과 분노
13206,못참는 아이 욱하는 부모
13207,시크:하다
13208,프랑스 아이처럼
13212,태도에 관하여
13213,한 시간만 그 방에
13217,미스 함무라비
13220,하루의 취향
13221,빅 히스토리
13223,있으려나 서점
13225,자식이 뭐라고
13226,청춘의 독서
13227,대책 없이 해피엔딩
13229,사는 게 뭐라고
13230,곰탕
13234,무엇이든 쓰게 된다
13235,세 종교 이야기
13237,넛셸
13239,처음부터 엄마는 아니었어
13240,아픔이 길이 되려면
13242,인테리어 원 북
13248,심플하게 산다
13249,오늘 한 푼 벌면 내일 두 푼 나가고
13253,면역에 관하여
13255,아내 가뭄
13256,주진우의 이명박 추격기
13258,크로스 : 정재승 + 진중권
13259,이토록 아름다운 세 살
13261,"바르셀로나 홀리데이 (2016~2017년 개정판, 휴대용 맵북)"
13262,시옷의 세계
13263,브루클린의 소녀
13273,나나의 네버엔딩 스토리
13275,스페인은 가우디다
13276,신곡 - 지옥편
13277,원더보이
13285,나는 농담이다
13286,여덟 단어
13287,시를 잊은 그대에게
13288,언제 들어도 좋은 말
13289,보통의 존재
13291,소년이 온다
13293,완벽한 공부법
13294,결혼.여름
13296,퀴르발 남작의 성
13298,어떻게 살 것인가
13301,화가의 마지막 그림
13304,한티재 하늘
13305,높고 푸른 사다리
546,"시선으로부터,"
548,명랑한 은둔자
551,나에게 시간을 주기로 했다
552,여행할 권리
554,당신은 당근을 싫어하는군요 저는 김치를 싫어합니다
555,자기 인생의 철학자들
557,"출근 대신, 여행"
559,여름의 빌라
560,소설 제주
563,좋아하면 울리는
565,N번째 연애
566,낮에 뜨는 달
567,아쿠아맨
570,골든아워
571,김이나의 작사법
573,오두막 (100쇄 기념 특별판 리커버)
583,우리는 사랑 아니면 여행이겠지
587,이갈리아의 딸들
588,약간의 거리를 둔다
590,퇴근길 인문학 수업 : 멈춤
594,소설가 구보씨의 일생
595,전쟁은 여자의 얼굴을 하지 않았다
596,오늘도 사랑스럽개
601,Lean In 린 인
612,여자의 모든 인생은 20대에 결정된다
613,유미의 세포들
614,과학인문학으로의 초대
615,넌 지금 그걸 말이라고 하세요?
616,나는 그녀를 사랑했네
619,합체
623,설득의 심리학 2
625,무지개 원리
627,이상한 나라의 앨리스 (한국어판)
628,천재를 이긴 천재들
631,섀클턴의 파워 리더십
632,맥도날드 그리고 맥도날드화
633,당신은 겉보기에 노력하고 있을 뿐
635,백종원이 추천하는 집밥 메뉴 52
638,5년 후 나에게 - Q&A a day
641,"멈추지 마, 다시 꿈부터 써봐 +"
642,하루 30분의 힘
643,한국의 젊은 부자들
644,너답게 살아갈 너에게
647,도레미파솔라시도
648,꺼삐딴 리
664,위저드 베이커리
18525,소립자
18527,열두 띠 이야기
18528,현대시작법
18529,철학카페에서 시 읽기
18531,오늘 아침 단어
18532,"어서오세요, 305호에!"
18533,조국 현상을 말한다 - 개정판
18534,몰아 쓴 일기
18535,불가능한 대화들
18537,서울 1964년 겨울
18538,상처적 체질
18539,개를 데리고 다니는 부인
18540,눈사람 여관
10590,댈러웨이 부인
10591,2020 제11회 젊은작가상 수상작품집
10592,양을 쫓는 모험
10598,"이반 데니소비치, 수용소의 하루"
10600,나목.도둑맞은 가난
10605,"우연의 질병, 필연의 죽음"
10606,방금 떠나온 세계
10609,침이 고인다
10612,이상 소설 전집
10616,지구 끝의 온실
10617,도시는 무엇으로 사는가
10618,21세기 먼나라 이웃나라
10621,벌레 이야기
10624,웨하스 의자
